50, 318.875,822.0
33, 319.484375,3098.0
33, 320.265625,3056.0
32, 320.6875,2981.0
34, 321.203125,2704.0
32, 321.484375,2700.0
36, 322.421875,2764.0
36, 322.703125,2794.0
36, 324.09375,2833.0
40, 324.625,2877.0
47, 325.296875,2908.0
45, 325.796875,2929.0
36, 326.21875,2929.0
52, 326.71875,3112.0
55, 327.375,3101.0
54, 327.875,3081.0
54, 328.15625,3067.0
38, 328.796875,3059.0
36, 329.3125,2997.0
38, 329.953125,2695.0
33, 330.46875,2494.0
32, 330.875,2428.0
32, 331.640625,2399.0
31, 332.046875,2393.0
31, 332.546875,2339.0
33, 332.8125,2388.0
37, 333.71875,2432.0
36, 333.984375,2398.0
35, 334.640625,2357.0
35, 335.140625,2344.0
30, 335.8125,2140.0
30, 336.3125,1862.0
33, 336.71875,1920.0
33, 337.21875,1950.0
34, 337.890625,1989.0
35, 338.390625,2000.0
36, 338.671875,2024.0
35, 339.3125,2049.0
33, 339.84375,2207.0
36, 340.484375,2217.0
32, 340.984375,2279.0
33, 341.40625,2452.0
35, 342.15625,2494.0
36, 342.578125,2514.0
36, 343.078125,2532.0
36, 343.34375,2702.0
54, 344.25,3121.0
41, 344.515625,2578.0
35, 345.15625,2601.0
57, 345.65625,3226.0
63, 346.328125,3299.0
62, 347.234375,3294.0
34, 347.734375,2866.0
27, 348.40625,1318.0
32, 348.90625,1252.0
33, 349.1875,1195.0
34, 349.828125,1170.0
33, 350.34375,1169.0
32, 350.984375,1131.0
32, 351.484375,1104.0
34, 351.90625,1101.0
34, 352.65625,1101.0
34, 353.078125,1103.0
34, 353.578125,1104.0
32, 353.84375,1124.0
33, 354.734375,1085.0
32, 355.015625,1049.0
33, 355.65625,1030.0
34, 356.15625,1014.0
34, 356.8125,1005.0
34, 357.328125,1003.0
34, 357.734375,997.0
34, 358.234375,984.0
34, 358.90625,985.0
33, 359.40625,990.0
34, 0.25,1011.0
34, 0.90625,984.0
35, 1.4375,985.0
36, 2.09375,1004.0
36, 2.59375,969.0
36, 3.015625,945.0
36, 3.78125,920.0
37, 4.1875,869.0
37, 4.703125,848.0
37, 4.984375,857.0
38, 5.890625,731.0
37, 6.15625,746.0
37, 6.8125,709.0
37, 7.328125,714.0
39, 8.0,660.0
42, 8.5,653.0
62, 8.921875,642.0
19, 9.4375,128.0
20, 10.109375,127.0
20, 10.625,106.0
20, 10.90625,105.0
21, 11.5625,110.0
21, 12.09375,109.0
20, 12.734375,104.0
21, 13.25,99.0
20, 13.671875,128.0
20, 14.4375,134.0
19, 14.859375,116.0
20, 15.375,116.0
20, 15.640625,99.0
19, 16.546875,119.0
19, 16.828125,83.0
19, 17.484375,109.0
18, 17.984375,119.0
19, 18.65625,104.0
19, 19.171875,103.0
19, 19.59375,96.0
19, 20.46875,80.0
19, 21.15625,116.0
18, 21.671875,112.0
19, 21.953125,121.0
19, 22.625,116.0
19, 23.15625,102.0
19, 23.828125,100.0
19, 24.34375,111.0
19, 24.765625,129.0
19, 25.546875,107.0
19, 25.96875,101.0
19, 26.5,109.0
19, 26.78125,101.0
19, 27.703125,83.0
18, 27.984375,115.0
18, 28.640625,118.0
19, 29.171875,114.0
18, 29.84375,85.0
18, 30.359375,94.0
18, 30.796875,128.0
18, 31.3125,104.0
18, 32.0,119.0
18, 32.515625,125.0
17, 32.796875,117.0
17, 33.46875,143.0
17, 34.015625,115.0
17, 34.671875,133.0
17, 35.1875,114.0
17, 35.625,111.0
16, 36.46875,106.0
16, 36.890625,133.0
15, 37.40625,103.0
15, 37.703125,116.0
16, 38.625,140.0
15, 38.90625,131.0
14, 39.578125,148.0
14, 40.09375,121.0
14, 40.78125,127.0
13, 41.296875,130.0
12, 41.734375,149.0
13, 42.25,155.0
13, 42.9375,130.0
11, 43.46875,128.0
12, 43.75,134.0
11, 44.40625,136.0
10, 44.953125,90.0
8, 45.625,155.0
11, 46.140625,129.0
5, 46.5625,168.0
5, 47.34375,116.0
42, 47.78125,2058.0
43, 48.296875,2027.0
45, 48.59375,1645.0
47, 49.515625,1666.0
48, 49.796875,1632.0
49, 50.46875,1715.0
50, 50.984375,2008.0
52, 51.6875,1965.0
54, 52.203125,2209.0
54, 52.625,2232.0
56, 53.15625,2127.0
58, 53.84375,2118.0
59, 54.375,2318.0
60, 54.65625,2349.0
61, 55.3125,3128.0
1, 56.53125,3090.0
63, 57.046875,3066.0
1, 57.484375,3059.0
2, 58.265625,3038.0
3, 58.6875,3010.0
4, 59.21875,2996.0
5, 59.5,2983.0
6, 60.4375,2956.0
7, 60.71875,2953.0
7, 61.375,2934.0
7, 61.90625,2928.0
8, 62.59375,2906.0
9, 63.125,2898.0
9, 63.546875,2879.0
10, 64.078125,2875.0
11, 64.765625,2852.0
11, 65.28125,2843.0
11, 65.578125,2843.0
12, 66.234375,2825.0
12, 66.78125,2816.0
12, 67.453125,2806.0
12, 67.984375,2791.0
13, 68.40625,2788.0
13, 69.1875,2769.0
12, 69.625,2764.0
13, 70.140625,2760.0
13, 70.4375,2750.0
13, 72.3125,2736.0
13, 72.609375,2736.0
13, 73.28125,2732.0
13, 73.828125,2721.0
13, 74.53125,2708.0
12, 75.078125,2707.0
13, 75.515625,2703.0
13, 76.046875,2694.0
14, 76.765625,2686.0
13, 77.296875,2679.0
13, 77.59375,2679.0
14, 78.28125,2676.0
14, 78.84375,2675.0
13, 79.53125,2665.0
14, 80.0625,2665.0
14, 80.5,2656.0
14, 81.3125,2652.0
15, 81.75,2652.0
14, 82.296875,2652.0
14, 82.578125,2652.0
13, 83.53125,2647.0
13, 83.828125,2647.0
14, 84.515625,2647.0
14, 85.046875,2647.0
13, 85.765625,2637.0
13, 86.296875,2637.0
13, 86.734375,2637.0
13, 87.28125,2637.0
13, 87.984375,2637.0
12, 88.515625,2636.0
13, 88.8125,2632.0
12, 89.5,2636.0
12, 90.0625,2636.0
10, 90.75,2645.0
12, 91.28125,2632.0
12, 91.71875,2650.0
12, 92.53125,2650.0
11, 92.96875,2650.0
11, 93.515625,2650.0
10, 93.796875,2649.0
12, 94.75,2655.0
9, 95.046875,2654.0
10, 95.734375,2663.0
10, 96.265625,2673.0
10, 96.984375,2677.0
10, 97.515625,2677.0
10, 97.96875,2677.0
10, 98.5,2683.0
9, 99.203125,2692.0
9, 99.75,2701.0
9, 100.03125,2705.0
9, 100.71875,2705.0
8, 101.28125,2719.0
8, 101.96875,2718.0
7, 102.515625,2727.0
50, 102.953125,1495.0
33, 103.75,1098.0
35, 104.1875,1068.0
35, 104.734375,1075.0
34, 105.015625,1072.0
34, 105.96875,1077.0
34, 106.265625,1075.0
33, 106.9375,1092.0
34, 108.046875,1159.0
34, 108.765625,1160.0
34, 109.3125,1160.0
34, 109.765625,1144.0
34, 110.3125,1140.0
34, 111.03125,1138.0
34, 111.578125,1130.0
34, 111.859375,1131.0
34, 112.5625,1131.0
34, 113.140625,1114.0
35, 113.828125,1114.0
34, 114.375,1109.0
34, 114.828125,1105.0
34, 115.640625,1107.0
34, 116.09375,1105.0
34, 116.640625,1105.0
34, 116.9375,1107.0
34, 117.90625,1111.0
34, 118.203125,1128.0
34, 118.890625,1126.0
34, 119.4375,1113.0
34, 120.15625,1128.0
33, 120.703125,1142.0
33, 121.140625,1153.0
33, 121.6875,1168.0
33, 122.40625,1211.0
32, 122.953125,1236.0
33, 123.25,1365.0
35, 123.9375,1387.0
35, 124.515625,1387.0
35, 125.203125,1373.0
35, 125.75,1388.0
35, 126.203125,1388.0
42, 127.015625,1483.0
40, 127.453125,2523.0
33, 128.0,3389.0
33, 128.296875,3416.0
31, 129.265625,3482.0
31, 129.5625,3535.0
31, 130.25,3561.0
33, 130.796875,3584.0
33, 131.515625,3636.0
32, 132.0625,3671.0
32, 132.5,3700.0
32, 133.046875,3735.0
32, 133.765625,3795.0
32, 134.3125,3833.0
32, 134.59375,3863.0
32, 135.296875,3899.0
35, 135.859375,3933.0
35, 136.546875,3978.0
37, 137.09375,4018.0
47, 137.546875,4113.0
46, 138.359375,4189.0
45, 138.796875,4239.0
44, 139.34375,4283.0
42, 139.640625,4337.0
43, 140.609375,4402.0
40, 140.90625,4463.0
39, 141.59375,4526.0
38, 142.140625,4572.0
37, 142.859375,4651.0
37, 143.40625,4799.0
37, 144.296875,4847.0
36, 144.84375,4919.0
36, 145.578125,5030.0
36, 146.125,5105.0
27, 147.140625,5086.0
9, 102.828125,2729.0
51, 103.46875,1298.0
33, 103.984375,1085.0
34, 104.9375,1069.0
34, 105.453125,1067.0
34, 106.09375,1069.0
34, 106.421875,1066.0
32, 107.546875,1104.0
34, 108.296875,1186.0
34, 109.109375,1190.0
34, 109.765625,1170.0
34, 110.609375,1162.0
34, 111.234375,1156.0
34, 111.765625,1143.0
34, 112.40625,1135.0
34, 113.25,1131.0
34, 113.890625,1132.0
34, 114.234375,1131.0
34, 115.0625,1115.0
34, 115.734375,1115.0
34, 116.546875,1115.0
34, 117.1875,1115.0
34, 117.71875,1115.0
34, 118.671875,1124.0
35, 119.203125,1120.0
34, 119.828125,1130.0
34, 120.171875,1146.0
34, 121.3125,1159.0
34, 121.65625,1173.0
33, 122.46875,1189.0
32, 123.109375,1234.0
33, 123.953125,1387.0
35, 124.59375,1390.0
35, 125.125,1388.0
35, 125.765625,1385.0
35, 126.609375,1385.0
34, 127.25,1404.0
51, 127.59375,1678.0
33, 128.40625,3405.0
31, 129.078125,3482.0
31, 129.890625,3524.0
32, 130.53125,3565.0
33, 131.046875,3603.0
33, 132.015625,3666.0
32, 132.53125,3698.0
32, 133.171875,3740.0
32, 133.515625,3781.0
32, 134.65625,3841.0
32, 135.0,3892.0
36, 135.8125,3922.0
35, 136.4375,3956.0
44, 137.296875,4082.0
47, 137.921875,4135.0
46, 138.453125,4194.0
45, 139.09375,4248.0
43, 139.921875,4338.0
50, 140.5625,4380.0
40, 140.90625,4459.0
39, 141.71875,4531.0
38, 142.390625,4626.0
37, 143.203125,4741.0
37, 144.234375,4830.0
37, 144.765625,4908.0
36, 145.734375,5039.0
36, 146.265625,5119.0
23, 148.421875,5458.0
24, 148.765625,5574.0
27, 149.59375,5657.0
24, 150.234375,5687.0
23, 151.09375,5861.0
23, 151.734375,5985.0
23, 152.265625,6103.0
22, 152.921875,6255.0
21, 162.0,4533.0
16, 163.171875,4525.0
34, 163.8125,4276.0
62, 164.671875,4258.0
62, 165.3125,4244.0
62, 165.84375,4235.0
61, 166.484375,4225.0
62, 167.984375,4208.0
61, 168.328125,4202.0
61, 169.15625,4202.0
62, 169.828125,4189.0
62, 170.65625,4180.0
62, 171.296875,4175.0
61, 171.828125,4174.0
61, 172.796875,4170.0
60, 173.328125,4170.0
61, 173.96875,4161.0
59, 174.3125,4160.0
56, 175.46875,4166.0
31, 175.8125,4377.0
32, 176.640625,4361.0
32, 177.28125,4371.0
9, 194.3125,5233.0
23, 195.171875,4579.0
16, 195.828125,4621.0
35, 197.03125,4604.0
35, 197.71875,4388.0
35, 198.546875,4264.0
35, 199.203125,4114.0
60, 199.734375,4091.0
59, 200.71875,4123.0
60, 201.25,4147.0
60, 201.90625,4160.0
59, 202.265625,4186.0
58, 203.421875,4223.0
58, 203.78125,4241.0
58, 204.609375,4268.0
58, 205.265625,4295.0
58, 206.125,4332.0
57, 206.78125,4359.0
56, 207.328125,4386.0
22, 207.984375,4381.0
6, 211.40625,11086.0
8, 212.25,10898.0
37, 219.703125,5825.0
37, 220.578125,5716.0
37, 221.25,5733.0
37, 221.78125,5787.0
36, 222.453125,5842.0
37, 223.328125,5946.0
37, 224.0,6023.0
37, 224.359375,6087.0
36, 225.203125,6151.0
29, 225.890625,1683.0
32, 226.75,1666.0
34, 227.421875,1648.0
35, 227.96875,1630.0
32, 228.96875,1617.0
31, 229.515625,1619.0
33, 230.171875,1642.0
33, 230.53125,1647.0
32, 231.71875,1653.0
31, 232.078125,1660.0
32, 232.921875,1696.0
27, 233.59375,1733.0
35, 234.46875,7630.0
35, 235.140625,7573.0
35, 235.6875,7521.0
36, 236.34375,7394.0
36, 237.21875,7332.0
36, 237.890625,7278.0
36, 238.25,7234.0
36, 239.09375,7181.0
36, 239.796875,7134.0
36, 240.640625,7083.0
36, 241.3125,7051.0
37, 241.859375,7020.0
37, 242.859375,6959.0
36, 243.40625,6915.0
36, 244.0625,6896.0
37, 244.421875,6866.0
37, 245.609375,6824.0
37, 245.96875,6795.0
37, 246.8125,6767.0
37, 247.484375,6740.0
37, 248.359375,6705.0
37, 249.015625,6678.0
37, 249.5625,6647.0
37, 250.234375,6626.0
36, 251.109375,6573.0
37, 252.3125,6565.0
37, 252.671875,6550.0
37, 253.53125,6538.0
37, 254.25,6502.0
38, 255.109375,6498.0
38, 255.78125,6492.0
38, 256.328125,6471.0
38, 257.34375,6448.0
38, 257.890625,6437.0
39, 258.578125,6428.0
38, 258.9375,6418.0
39, 260.140625,6400.0
39, 260.5,6400.0
39, 261.359375,6386.0
39, 262.03125,6378.0
39, 262.921875,6364.0
39, 263.609375,6359.0
39, 264.15625,6359.0
39, 264.828125,6359.0
39, 265.71875,6346.0
39, 266.390625,6346.0
39, 266.765625,6345.0
39, 267.625,6346.0
39, 268.328125,6346.0
39, 269.1875,6350.0
39, 269.859375,6359.0
39, 270.421875,6359.0
39, 271.421875,6359.0
38, 271.984375,6361.0
38, 272.65625,6366.0
38, 273.015625,6378.0
38, 274.21875,6388.0
38, 274.59375,6399.0
38, 275.453125,6397.0
38, 276.125,6418.0
38, 277.015625,6439.0
39, 277.6875,6441.0
39, 278.25,6455.0
39, 278.921875,6468.0
38, 279.796875,6485.0
38, 280.484375,6505.0
38, 280.84375,6526.0
38, 281.703125,6549.0
38, 282.40625,6570.0
37, 283.28125,6574.0
38, 283.953125,6606.0
38, 284.5,6618.0
37, 285.515625,6650.0
37, 286.0625,6672.0
37, 286.734375,6692.0
36, 287.109375,6712.0
37, 288.84375,6765.0
37, 289.203125,6801.0
37, 290.09375,6839.0
37, 290.765625,6854.0
36, 291.671875,6897.0
37, 292.359375,6938.0
36, 292.921875,6973.0
36, 293.609375,7005.0
36, 294.515625,7051.0
34, 295.203125,7021.0
34, 295.578125,6871.0
34, 296.453125,6728.0
35, 297.171875,6536.0
35, 298.046875,6387.0
35, 298.734375,6280.0
35, 299.296875,6159.0
35, 300.3125,5995.0
35, 300.875,5889.0
36, 301.5625,5802.0
36, 301.9375,5702.0
36, 303.15625,5565.0
36, 303.515625,5475.0
37, 304.40625,5408.0
37, 305.078125,5326.0
37, 305.984375,5220.0
38, 306.671875,5147.0
38, 307.234375,5095.0
39, 307.921875,5025.0
40, 308.8125,4925.0
41, 309.5,4861.0
42, 309.875,4513.0
50, 310.75,3599.0
48, 311.46875,3488.0
53, 312.34375,3469.0
61, 313.015625,3475.0
45, 313.578125,3613.0
50, 314.609375,4435.0
50, 315.171875,4390.0
50, 315.859375,4353.0
51, 316.234375,4303.0
45, 317.4375,4052.0
43, 317.8125,3356.0
35, 318.6875,3139.0
34, 319.375,2992.0
33, 320.28125,3078.0
32, 320.96875,3013.0
34, 321.53125,2766.0
32, 322.21875,2709.0
36, 323.125,2785.0
36, 324.140625,2833.0
42, 324.515625,2879.0
48, 325.40625,2909.0
36, 326.125,2935.0
56, 327.0,3106.0
57, 327.6875,3089.0
55, 328.265625,3078.0
36, 329.296875,3045.0
37, 329.859375,2806.0
33, 330.5625,2506.0
32, 330.921875,2430.0
32, 332.171875,2409.0
31, 332.546875,2345.0
37, 333.421875,2442.0
37, 334.109375,2409.0
36, 335.03125,2367.0
35, 335.734375,2310.0
29, 336.296875,1859.0
33, 336.984375,1920.0
34, 337.90625,1984.0
35, 338.59375,2006.0
35, 338.96875,2022.0
33, 339.859375,2093.0
36, 340.578125,2186.0
33, 341.46875,2455.0
34, 342.15625,2479.0
36, 342.734375,2521.0
39, 343.765625,2746.0
56, 344.34375,3118.0
36, 345.03125,2523.0
41, 345.40625,2809.0
1, 347.015625,3296.0
34, 347.890625,2854.0
25, 348.578125,1307.0
33, 349.5,1187.0
34, 350.1875,1166.0
33, 350.75,1164.0
32, 351.453125,1117.0
34, 352.359375,1099.0
34, 353.0625,1101.0
34, 353.421875,1111.0
33, 354.3125,1114.0
33, 355.03125,1075.0
33, 355.90625,1016.0
34, 356.609375,1001.0
34, 357.171875,1000.0
34, 358.21875,1001.0
35, 358.78125,988.0
33, 359.46875,990.0
34, 0.234375,1002.0
35, 1.484375,992.0
36, 1.859375,990.0
36, 2.75,965.0
36, 3.4375,966.0
37, 4.375,880.0
38, 5.0625,767.0
37, 5.640625,815.0
38, 6.328125,732.0
37, 7.25,707.0
39, 7.953125,646.0
39, 8.328125,616.0
23, 9.21875,228.0
20, 9.953125,121.0
20, 10.84375,134.0
20, 11.546875,116.0
20, 12.125,103.0
21, 13.171875,132.0
11, 46.609375,136.0
6, 47.03125,115.0
2, 48.015625,119.0
6, 48.796875,133.0
48, 49.8125,1641.0
50, 50.59375,1964.0
52, 51.234375,2049.0
54, 52.015625,2223.0
56, 53.03125,2226.0
59, 53.8125,2184.0
60, 54.234375,2259.0
61, 55.234375,2337.0
1, 56.046875,3104.0
1, 57.03125,3076.0
2, 57.8125,3060.0
3, 58.4375,3033.0
7, 59.609375,2998.0
7, 60.25,2984.0
8, 61.03125,2957.0
8, 61.453125,2934.0
10, 62.828125,2908.0
10, 63.265625,2898.0
11, 64.25,2875.0
12, 65.03125,2861.0
12, 66.0625,2843.0
13, 66.828125,2825.0
14, 67.46875,2816.0
14, 68.25,2799.0
14, 69.28125,2779.0
13, 70.0625,2764.0
14, 70.484375,2760.0
15, 71.46875,2742.0
14, 72.734375,2732.0
15, 73.75,2723.0
15, 74.53125,2709.0
15, 75.1875,2704.0
15, 76.359375,2694.0
15, 77.015625,2686.0
15, 77.796875,2681.0
16, 78.21875,2676.0
15, 79.625,2666.0
15, 80.046875,2657.0
15, 81.0625,2652.0
15, 81.84375,2652.0
15, 82.890625,2648.0
15, 83.671875,2648.0
14, 84.328125,2647.0
14, 85.109375,2638.0
14, 86.15625,2638.0
14, 86.9375,2638.0
14, 87.359375,2638.0
14, 88.375,2638.0
13, 89.1875,2637.0
13, 90.203125,2637.0
13, 90.984375,2637.0
13, 91.625,2647.0
13, 92.8125,2652.0
13, 93.46875,2650.0
13, 94.25,2652.0
13, 94.671875,2656.0
12, 96.078125,2664.0
11, 96.5,2673.0
11, 97.515625,2677.0
11, 98.296875,2679.0
10, 99.34375,2692.0
9, 100.125,2701.0
10, 100.78125,2706.0
10, 101.5625,2710.0
9, 102.59375,2729.0
51, 103.390625,1334.0
33, 103.8125,1085.0
34, 104.8125,1069.0
34, 105.625,1060.0
34, 106.640625,1064.0
33, 107.421875,1075.0
34, 108.4375,1201.0
35, 109.625,1196.0
35, 110.28125,1174.0
34, 111.078125,1170.0
34, 111.5,1158.0
34, 112.921875,1140.0
34, 113.359375,1143.0
34, 114.375,1136.0
34, 115.171875,1132.0
34, 116.21875,1126.0
34, 117.015625,1127.0
34, 117.671875,1116.0
34, 118.46875,1131.0
35, 119.515625,1136.0
34, 120.296875,1132.0
34, 120.734375,1152.0
34, 121.75,1175.0
33, 122.5625,1198.0
33, 123.578125,1246.0
34, 124.375,1348.0
35, 125.015625,1365.0
35, 126.21875,1360.0
35, 126.859375,1361.0
34, 127.65625,1370.0
51, 128.09375,1764.0
31, 129.5,3488.0
32, 129.921875,3545.0
33, 130.9375,3589.0
33, 131.734375,3641.0
32, 132.78125,3713.0
32, 133.5625,3769.0
32, 134.21875,3806.0
32, 135.015625,3868.0
36, 136.046875,3925.0
35, 136.84375,3988.0
48, 137.28125,4095.0
46, 138.296875,4162.0
44, 139.109375,4266.0
43, 140.125,4329.0
45, 140.921875,4385.0
40, 141.578125,4482.0
38, 142.765625,4597.0
37, 143.40625,4724.0
37, 144.3125,4839.0
36, 144.734375,4927.0
36, 146.140625,5080.0
13, 148.390625,5352.0
24, 149.4375,5606.0
25, 150.234375,5655.0
23, 150.890625,5786.0
25, 151.6875,5931.0
22, 152.75,6165.0
25, 153.546875,6326.0
5, 164.3125,4458.0
60, 165.109375,4261.0
62, 166.15625,4253.0
62, 166.953125,4235.0
63, 167.59375,4227.0
62, 168.390625,4217.0
62, 169.4375,4208.0
61, 170.234375,4203.0
62, 170.65625,4198.0
61, 171.6875,4188.0
62, 172.5,4176.0
60, 173.515625,4170.0
61, 174.3125,4170.0
60, 174.96875,4170.0
60, 176.15625,4160.0
60, 176.8125,4160.0
34, 177.609375,4358.0
31, 178.03125,4364.0
29, 179.453125,4371.0
11, 179.875,4420.0
11, 181.78125,4452.0
17, 195.265625,5192.0
25, 196.015625,4607.0
31, 197.796875,4638.0
35, 198.421875,4490.0
35, 199.171875,4319.0
35, 200.171875,4112.0
60, 200.9375,4091.0
59, 201.34375,4118.0
60, 202.3125,4142.0
59, 203.109375,4169.0
58, 204.078125,4195.0
59, 204.828125,4223.0
59, 205.453125,4241.0
58, 206.59375,4282.0
57, 207.21875,4309.0
57, 207.96875,4336.0
57, 208.375,4363.0
29, 209.734375,4405.0
7, 214.296875,10971.0
7, 216.9375,6133.0
37, 220.265625,5770.0
37, 220.84375,5699.0
37, 221.5625,5743.0
37, 221.953125,5816.0
37, 223.234375,5918.0
37, 223.625,5981.0
37, 224.546875,6044.0
36, 225.25,6114.0
27, 226.203125,1672.0
30, 226.921875,1689.0
34, 227.515625,1656.0
34, 228.234375,1635.0
33, 229.171875,1623.0
32, 229.90625,1613.0
32, 230.28125,1641.0
31, 231.203125,1646.0
31, 231.953125,1639.0
32, 232.875,1662.0
32, 233.59375,1675.0
31, 234.171875,1721.0
35, 235.25,7658.0
35, 235.84375,7593.0
35, 236.5625,7532.0
35, 236.953125,7456.0
36, 238.21875,7343.0
36, 238.609375,7294.0
36, 239.53125,7254.0
36, 240.25,7206.0
36, 241.1875,7144.0
36, 241.90625,7105.0
36, 242.5,7060.0
36, 243.21875,7025.0
36, 244.15625,6973.0
36, 244.890625,6923.0
36, 245.265625,6891.0
37, 246.1875,6869.0
37, 246.9375,6824.0
37, 247.84375,6801.0
37, 248.5625,6761.0
37, 249.15625,6739.0
37, 250.234375,6708.0
37, 250.8125,6674.0
37, 251.546875,6644.0
37, 251.921875,6619.0
36, 252.0,6585.0
37, 252.125,6559.0
37, 253.0,6537.0
38, 253.703125,6536.0
37, 254.609375,6506.0
38, 255.296875,6496.0
38, 255.859375,6474.0
38, 256.546875,6458.0
38, 257.453125,6441.0
38, 258.140625,6437.0
38, 258.515625,6427.0
38, 259.40625,6416.0
39, 260.125,6400.0
39, 261.0,6387.0
40, 261.6875,6378.0
39, 262.25,6373.0
39, 263.28125,6359.0
39, 263.859375,6359.0
40, 264.546875,6360.0
40, 264.921875,6360.0
38, 266.140625,6350.0
39, 266.515625,6345.0
39, 267.390625,6346.0
38, 268.09375,6351.0
39, 269.0,6346.0
38, 269.6875,6357.0
39, 270.25,6359.0
39, 270.9375,6359.0
38, 271.84375,6366.0
38, 272.53125,6361.0
38, 272.90625,6384.0
39, 273.796875,6386.0
38, 274.515625,6401.0
38, 275.390625,6412.0
38, 276.078125,6433.0
38, 276.65625,6426.0
39, 277.6875,6455.0
38, 278.25,6471.0
38, 278.9375,6477.0
38, 279.3125,6498.0
38, 280.53125,6517.0
38, 280.90625,6538.0
38, 281.78125,6559.0
38, 282.484375,6567.0
38, 283.390625,6615.0
38, 284.078125,6630.0
37, 284.640625,6637.0
37, 285.328125,6660.0
37, 286.234375,6703.0
36, 288.078125,6726.0
37, 288.453125,6760.0
37, 289.359375,6797.0
37, 290.109375,6846.0
37, 291.015625,6878.0
37, 291.734375,6910.0
36, 292.3125,6945.0
36, 293.375,6996.0
36, 293.96875,7045.0
37, 294.671875,7095.0
34, 295.0625,6954.0
35, 296.34375,6735.0
35, 296.71875,6586.0
35, 297.640625,6460.0
35, 298.34375,6320.0
36, 299.296875,6136.0
35, 300.0,6010.0
36, 300.578125,5903.0
36, 301.296875,5795.0
36, 302.234375,5641.0
37, 302.953125,5564.0
36, 303.328125,5460.0
37, 304.234375,5385.0
37, 304.984375,5255.0
37, 305.890625,5185.0
38, 306.609375,5124.0
39, 307.1875,5052.0
40, 308.25,4943.0
41, 308.84375,4875.0
42, 309.546875,4789.0
51, 309.9375,3632.0
48, 311.203125,3492.0
52, 311.59375,3468.0
60, 312.5,3479.0
44, 313.203125,3667.0
50, 314.15625,4417.0
50, 314.859375,4380.0
50, 315.4375,4330.0
50, 316.15625,4280.0
44, 317.09375,3676.0
37, 317.8125,3219.0
34, 318.1875,3044.0
33, 319.109375,3086.0
33, 319.84375,3020.0
34, 320.765625,2788.0
33, 321.46875,2710.0
36, 322.0625,2761.0
38, 324.28125,2856.0
45, 324.890625,2902.0
49, 325.625,2914.0
36, 326.03125,2928.0
57, 327.328125,3106.0
56, 327.734375,3078.0
53, 328.671875,3058.0
36, 329.40625,3039.0
34, 330.375,2533.0
31, 331.109375,2423.0
32, 331.71875,2384.0
32, 332.453125,2377.0
38, 333.4375,2455.0
37, 334.171875,2404.0
36, 334.578125,2366.0
35, 335.515625,2323.0
32, 336.28125,1905.0
34, 337.234375,1952.0
35, 337.96875,1986.0
35, 338.578125,2017.0
34, 339.671875,2078.0
34, 340.28125,2340.0
32, 341.03125,2342.0
34, 341.421875,2459.0
36, 342.734375,2523.0
34, 343.140625,2606.0
58, 344.078125,3264.0
37, 344.8125,2550.0
30, 347.859375,2531.0
32, 348.84375,1242.0
35, 349.578125,1174.0
33, 349.96875,1177.0
32, 350.90625,1132.0
35, 351.671875,1091.0
34, 352.625,1103.0
34, 353.359375,1115.0
33, 353.96875,1114.0
33, 355.0625,1053.0
34, 355.671875,1022.0
34, 356.40625,1001.0
34, 356.8125,997.0
34, 358.109375,997.0
34, 358.515625,986.0
33, 0.25,998.0
34, 1.0,979.0
36, 1.984375,972.0
36, 2.734375,954.0
36, 3.359375,955.0
37, 4.109375,893.0
37, 5.09375,867.0
37, 5.84375,797.0
37, 6.25,735.0
38, 7.21875,674.0
39, 8.0,648.0
62, 8.953125,642.0
21, 9.71875,110.0
20, 10.328125,128.0
20, 11.453125,115.0
21, 12.078125,98.0
20, 12.84375,98.0
20, 13.25,104.0
20, 14.578125,104.0
20, 14.984375,107.0
19, 15.953125,134.0
13, 91.9375,2647.0
13, 92.8125,2651.0
13, 93.53125,2652.0
12, 94.40625,2650.0
12, 95.578125,2664.0
11, 96.453125,2664.0
11, 96.921875,2674.0
11, 98.046875,2677.0
10, 98.96875,2691.0
10, 100.09375,2702.0
9, 100.96875,2706.0
10, 101.6875,2710.0
9, 103.015625,2734.0
63, 103.734375,1842.0
34, 104.609375,1128.0
34, 105.078125,1097.0
34, 106.640625,1088.0
34, 107.125,1100.0
33, 108.546875,1178.0
34, 109.421875,1199.0
34, 110.59375,1186.0
34, 111.484375,1171.0
34, 112.21875,1162.0
34, 113.09375,1162.0
34, 114.265625,1143.0
34, 115.15625,1138.0
34, 115.640625,1131.0
34, 116.765625,1135.0
34, 117.6875,1135.0
34, 118.828125,1132.0
34, 119.71875,1135.0
34, 120.4375,1146.0
34, 121.75,1172.0
34, 122.484375,1187.0
33, 123.375,1224.0
32, 123.84375,1279.0
35, 125.421875,1365.0
34, 125.890625,1352.0
35, 127.03125,1354.0
34, 127.921875,1359.0
32, 129.078125,3430.0
31, 129.96875,3513.0
32, 130.6875,3567.0
33, 131.578125,3622.0
32, 132.734375,3709.0
32, 133.609375,3769.0
32, 134.09375,3824.0
32, 135.21875,3877.0
35, 136.140625,3959.0
40, 137.265625,4047.0
47, 138.15625,4141.0
46, 138.875,4217.0
43, 140.203125,4337.0
42, 140.921875,4410.0
39, 141.8125,4508.0
38, 142.28125,4599.0
37, 144.09375,4809.0
37, 144.5625,4906.0
36, 145.703125,5029.0
27, 146.59375,5141.0
24, 148.65625,5477.0
24, 149.390625,5626.0
23, 150.28125,5695.0
25, 151.453125,5933.0
23, 152.34375,6100.0
24, 152.828125,6322.0
25, 161.15625,4533.0
6, 163.234375,4457.0
61, 164.375,4261.0
62, 165.265625,4253.0
62, 166.4375,4231.0
62, 167.3125,4226.0
62, 168.046875,4208.0
62, 168.9375,4198.0
61, 170.109375,4189.0
62, 171.0,4180.0
61, 171.46875,4175.0
60, 172.609375,4170.0
61, 173.53125,4160.0
59, 174.671875,4159.0
60, 175.546875,4160.0
31, 176.28125,4380.0
32, 177.625,4369.0
18, 178.359375,4402.0
12, 179.734375,4413.0
12, 194.625,5205.0
27, 195.359375,4595.0
35, 197.453125,4532.0
35, 198.34375,4342.0
36, 198.828125,4159.0
60, 200.421875,4105.0
60, 200.90625,4132.0
60, 202.046875,4169.0
60, 202.9375,4187.0
59, 204.125,4233.0
59, 205.015625,4278.0
58, 205.75,4305.0
57, 206.640625,4336.0
57, 207.828125,4391.0
8, 212.453125,10996.0
18, 217.359375,6110.0
32, 217.859375,5652.0
37, 219.46875,5846.0
37, 219.953125,5763.0
37, 221.09375,5713.0
37, 222.0,5794.0
37, 223.1875,5919.0
37, 224.09375,6021.0
36, 224.828125,6107.0
36, 225.71875,4985.0
33, 226.921875,1662.0
34, 227.828125,1636.0
34, 228.3125,1632.0
32, 229.46875,1620.0
31, 230.390625,1646.0
31, 231.546875,1648.0
32, 232.453125,1658.0
32, 233.1875,1692.0
35, 234.546875,7646.0
35, 235.28125,7565.0
35, 236.1875,7501.0
36, 236.671875,7371.0
36, 238.28125,7275.0
36, 238.765625,7211.0
36, 239.90625,7158.0
36, 240.8125,7103.0
37, 242.0,7032.0
36, 242.90625,6973.0
36, 243.640625,6929.0
36, 244.546875,6887.0
37, 245.71875,6826.0
37, 246.625,6795.0
37, 247.125,6756.0
37, 248.265625,6719.0
37, 249.203125,6666.0
37, 250.359375,6637.0
37, 251.25,6592.0
37, 252.1875,6567.0
37, 253.53125,6541.0
37, 254.28125,6519.0
37, 255.1875,6496.0
37, 255.671875,6479.0
39, 257.28125,6463.0
39, 257.78125,6441.0
38, 258.9375,6429.0
39, 259.84375,6414.0
39, 261.03125,6386.0
39, 261.9375,6373.0
39, 262.6875,6373.0
39, 263.59375,6359.0
39, 264.78125,6359.0
39, 265.6875,6350.0
39, 266.1875,6346.0
39, 267.328125,6350.0
39, 268.28125,6346.0
39, 269.4375,6354.0
38, 270.34375,6363.0
39, 271.078125,6359.0
38, 272.4375,6366.0
38, 273.171875,6370.0
38, 274.09375,6386.0
38, 274.578125,6399.0
39, 276.1875,6414.0
39, 276.671875,6435.0
38, 277.828125,6443.0
38, 278.734375,6454.0
38, 279.921875,6494.0
38, 280.828125,6505.0
38, 281.578125,6538.0
38, 282.484375,6553.0
38, 283.6875,6581.0
37, 284.578125,6613.0
37, 285.078125,6629.0
37, 286.234375,6658.0
37, 287.171875,6706.0
37, 288.59375,6754.0
37, 289.5,6790.0
38, 290.25,6852.0
37, 291.609375,6895.0
36, 292.359375,6931.0
36, 293.28125,6982.0
36, 293.765625,7033.0
35, 295.390625,6996.0
35, 295.890625,6807.0
35, 297.0625,6622.0
35, 297.96875,6448.0
35, 299.171875,6202.0
35, 300.09375,6050.0
35, 300.828125,5914.0
36, 301.75,5782.0
36, 302.953125,5588.0
37, 303.859375,5484.0
37, 304.359375,5380.0
37, 305.515625,5264.0
37, 306.46875,5133.0
38, 307.625,5065.0
40, 308.546875,4970.0
41, 309.296875,4880.0
51, 310.65625,3706.0
50, 311.40625,3521.0
48, 312.3125,3470.0
59, 312.8125,3478.0
45, 314.4375,3714.0
50, 314.921875,4389.0
51, 316.09375,4331.0
49, 317.0,4270.0
41, 318.203125,3355.0
34, 319.109375,3082.0
33, 319.859375,3090.0
33, 320.78125,3069.0
34, 321.984375,2647.0
35, 322.90625,2757.0
37, 323.390625,2816.0
42, 324.828125,2880.0
39, 325.796875,2929.0
56, 326.953125,3111.0
57, 327.875,3088.0
55, 328.640625,3059.0
38, 330.015625,2794.0
32, 330.78125,2457.0
32, 331.703125,2410.0
32, 332.1875,2378.0
37, 333.828125,2431.0
37, 334.328125,2395.0
35, 335.515625,2339.0
29, 336.421875,1856.0
33, 337.640625,1954.0
35, 338.5625,1997.0
35, 339.328125,2033.0
33, 340.25,2180.0
33, 341.46875,2437.0
35, 342.390625,2487.0
36, 342.890625,2524.0
59, 344.0625,3147.0
34, 345.03125,2564.0
1, 346.203125,3305.0
1, 347.125,3300.0
36, 347.875,3235.0
32, 349.265625,1259.0
34, 350.015625,1170.0
33, 350.9375,1164.0
32, 351.421875,1099.0
34, 353.0625,1097.0
34, 353.5625,1111.0
33, 354.734375,1096.0
32, 355.65625,1057.0
34, 356.875,1001.0
34, 357.796875,997.0
34, 358.546875,986.0
34, 359.46875,985.0
34, 0.90625,999.0
35, 1.828125,981.0
36, 2.3125,970.0
36, 3.5,961.0
37, 4.453125,866.0
38, 5.640625,732.0
37, 6.5625,735.0
37, 7.328125,713.0
39, 8.71875,637.0
20, 9.46875,135.0
20, 10.390625,114.0
20, 10.890625,110.0
20, 12.546875,96.0
21, 13.046875,116.0
20, 14.21875,101.0
20, 15.140625,117.0
20, 16.359375,112.0
20, 17.296875,97.0
20, 18.046875,111.0
19, 18.984375,111.0
19, 20.203125,120.0
20, 21.140625,96.0
19, 21.640625,121.0
19, 22.8125,110.0
20, 23.78125,135.0
19, 24.96875,85.0
19, 25.890625,100.0
19, 26.640625,100.0
19, 28.03125,109.0
19, 28.796875,102.0
18, 29.71875,140.0
18, 30.234375,118.0
18, 31.859375,106.0
18, 32.359375,122.0
18, 33.546875,149.0
17, 34.46875,119.0
17, 35.6875,115.0
17, 36.484375,95.0
17, 37.25,105.0
16, 38.15625,104.0
14, 39.359375,158.0
16, 40.296875,129.0
14, 40.796875,131.0
13, 41.953125,123.0
12, 42.921875,112.0
11, 44.078125,132.0
11, 45.0,143.0
10, 45.75,115.0
8, 47.125,117.0
3, 47.875,115.0
44, 48.8125,1643.0
48, 49.3125,1711.0
51, 50.9375,2020.0
53, 51.4375,1964.0
55, 52.609375,2069.0
57, 53.53125,2284.0
60, 54.75,2288.0
62, 55.65625,3129.0
1, 56.421875,3095.0
1, 57.34375,3068.0
3, 58.546875,3033.0
5, 59.46875,3007.0
7, 59.96875,2985.0
8, 61.140625,2957.0
9, 62.109375,2927.0
9, 63.28125,2902.0
11, 64.203125,2881.0
12, 64.953125,2871.0
12, 66.328125,2843.0
15, 67.09375,2822.0
14, 68.015625,2806.0
13, 68.515625,2792.0
14, 70.15625,2764.0
15, 70.65625,2751.0
14, 72.140625,2742.0
15, 73.0625,2733.0
15, 74.28125,2713.0
15, 75.21875,2709.0
8, 212.453125,10906.0
24, 217.59375,6081.0
32, 219.046875,5868.0
37, 220.734375,5718.0
37, 221.234375,5754.0
37, 222.4375,5841.0
37, 223.375,5935.0
37, 224.609375,6065.0
36, 225.546875,6172.0
29, 226.328125,1683.0
33, 227.265625,1666.0
35, 228.5,1631.0
32, 229.453125,1613.0
33, 229.953125,1644.0
33, 231.15625,1634.0
32, 232.125,1658.0
32, 233.328125,1690.0
35, 234.265625,7683.0
35, 235.046875,7611.0
35, 236.453125,7481.0
36, 237.21875,7348.0
36, 238.15625,7286.0
36, 238.671875,7228.0
36, 240.34375,7142.0
36, 240.84375,7083.0
37, 242.046875,7035.0
37, 242.984375,6980.0
36, 244.21875,6905.0
36, 245.171875,6861.0
36, 245.9375,6825.0
37, 246.875,6788.0
37, 248.109375,6735.0
37, 249.0625,6693.0
36, 249.5625,6645.0
36, 250.765625,6610.0
36, 251.734375,6567.0
37, 252.90625,6554.0
37, 253.84375,6527.0
37, 254.609375,6500.0
38, 256.015625,6487.0
38, 256.78125,6469.0
38, 257.734375,6448.0
38, 258.234375,6435.0
39, 259.90625,6414.0
39, 260.40625,6400.0
39, 261.609375,6386.0
39, 262.546875,6373.0
40, 263.796875,6360.0
39, 264.71875,6359.0
40, 265.5,6351.0
39, 266.4375,6350.0
39, 267.671875,6350.0
40, 268.609375,6351.0
39, 269.125,6350.0
39, 270.328125,6354.0
38, 271.296875,6363.0
38, 272.5,6359.0
38, 273.4375,6370.0
38, 274.203125,6391.0
38, 275.609375,6401.0
38, 276.375,6418.0
38, 277.328125,6430.0
39, 277.828125,6451.0
38, 279.5,6473.0
38, 280.0,6492.0
38, 281.203125,6514.0
38, 282.140625,6543.0
37, 283.375,6561.0
37, 284.3125,6588.0
37, 285.09375,6611.0
37, 286.03125,6647.0
36, 287.265625,6693.0
37, 288.25,6743.0
37, 288.75,6776.0
37, 289.96875,6822.0
36, 290.9375,6874.0
37, 292.140625,6925.0
36, 293.078125,6970.0
36, 293.84375,7027.0
35, 295.265625,7045.0
34, 296.03125,6841.0
35, 296.984375,6654.0
35, 297.484375,6473.0
36, 299.15625,6218.0
36, 299.671875,6067.0
35, 300.875,5921.0
36, 301.8125,5782.0
37, 303.046875,5598.0
36, 303.984375,5477.0
37, 304.75,5378.0
37, 305.703125,5269.0
37, 306.9375,5125.0
39, 307.890625,5052.0
40, 308.390625,4952.0
41, 309.59375,4861.0
51, 310.5625,3632.0
49, 311.765625,3498.0
54, 312.703125,3470.0
48, 313.484375,3497.0
50, 314.890625,4435.0
50, 315.65625,4371.0
51, 316.609375,4308.0
48, 317.109375,4233.0
37, 318.78125,3208.0
34, 319.28125,3009.0
33, 320.484375,3099.0
33, 321.421875,3009.0
34, 322.671875,2729.0
36, 323.609375,2793.0
39, 324.421875,2867.0
46, 325.375,2902.0
37, 326.609375,2984.0
57, 327.5625,3107.0
56, 328.0625,3078.0
36, 329.265625,3045.0
33, 330.25,2514.0
31, 331.46875,2419.0
32, 332.40625,2397.0
34, 333.1875,2403.0
37, 334.59375,2396.0
36, 335.375,2346.0
29, 336.3125,1905.0
33, 336.828125,1931.0
35, 338.515625,1997.0
36, 339.015625,2023.0
33, 340.21875,2142.0
35, 341.171875,2223.0
35, 342.421875,2487.0
36, 343.375,2527.0
60, 344.140625,3220.0
41, 345.078125,2591.0
2, 346.328125,3306.0
1, 347.265625,3306.0
35, 347.78125,3218.0
30, 348.984375,1310.0
34, 349.96875,1170.0
33, 351.171875,1158.0
33, 352.109375,1107.0
34, 352.890625,1105.0
33, 354.296875,1115.0
33, 355.078125,1092.0
33, 356.015625,1035.0
34, 356.515625,1018.0
34, 358.203125,1001.0
34, 358.703125,997.0
34, 359.921875,982.0
34, 0.890625,958.0
36, 2.125,1012.0
36, 3.078125,966.0
36, 3.84375,930.0
37, 4.78125,879.0
38, 6.015625,758.0
37, 6.96875,715.0
38, 7.46875,665.0
39, 8.671875,652.0
20, 9.65625,97.0
20, 10.859375,131.0
21, 11.8125,105.0
20, 12.578125,101.0
20, 14.0,98.0
20, 14.765625,106.0
19, 15.71875,109.0
19, 16.21875,131.0
20, 17.890625,95.0
18, 18.40625,116.0
20, 19.609375,108.0
19, 20.421875,107.0
19, 21.65625,107.0
19, 22.59375,116.0
19, 23.359375,107.0
20, 24.296875,107.0
19, 25.53125,116.0
19, 26.46875,117.0
19, 26.984375,103.0
19, 28.171875,128.0
19, 29.15625,105.0
19, 30.34375,105.0
18, 31.28125,116.0
18, 32.046875,115.0
18, 33.453125,110.0
18, 34.21875,111.0
17, 35.15625,131.0
17, 35.671875,135.0
17, 37.203125,107.0
15, 37.703125,138.0
15, 38.890625,114.0
14, 39.828125,112.0
14, 41.046875,157.0
14, 41.96875,103.0
13, 42.75,123.0
13, 43.671875,151.0
12, 44.890625,140.0
8, 45.828125,106.0
9, 46.34375,134.0
6, 47.515625,130.0
45, 48.5,1662.0
48, 49.671875,1669.0
49, 50.609375,1695.0
52, 51.375,1968.0
56, 52.765625,2080.0
57, 53.53125,2245.0
59, 54.46875,2104.0
62, 54.984375,2293.0
1, 57.140625,3068.0
3, 58.328125,3042.0
5, 59.25,3016.0
6, 60.484375,2980.0
8, 61.40625,2953.0
8, 62.1875,2929.0
10, 63.109375,2908.0
11, 64.34375,2880.0
11, 65.265625,2861.0
13, 65.78125,2848.0
13, 66.96875,2825.0
14, 67.953125,2798.0
14, 69.140625,2789.0
15, 70.0625,2770.0
14, 70.84375,2760.0
14, 72.34375,2741.0
14, 73.109375,2733.0
15, 74.046875,2714.0
14, 74.546875,2708.0
14, 76.21875,2695.0
14, 76.71875,2686.0
14, 77.921875,2681.0
15, 78.859375,2675.0
14, 80.09375,2665.0
15, 81.015625,2652.0
15, 81.78125,2652.0
15, 82.734375,2648.0
14, 83.96875,2648.0
15, 84.890625,2648.0
14, 85.40625,2638.0
14, 86.609375,2638.0
13, 87.578125,2637.0
13, 88.765625,2637.0
13, 89.703125,2637.0
13, 90.46875,2637.0
12, 91.875,2646.0
13, 92.640625,2652.0
13, 93.578125,2652.0
13, 94.078125,2652.0
12, 95.75,2664.0
11, 96.25,2663.0
11, 97.453125,2677.0
11, 98.390625,2679.0
11, 99.625,2683.0
8, 100.5625,2701.0
10, 101.328125,2705.0
10, 102.265625,2719.0
9, 103.5,2729.0
47, 104.421875,1246.0
34, 104.921875,1111.0
34, 106.125,1103.0
34, 107.09375,1119.0
33, 108.171875,1192.0
34, 109.109375,1217.0
34, 109.859375,1195.0
34, 111.265625,1182.0
34, 112.03125,1171.0
34, 112.96875,1160.0
34, 113.46875,1143.0
34, 115.125,1140.0
34, 115.625,1135.0
34, 116.828125,1135.0
34, 117.75,1135.0
34, 118.984375,1140.0
34, 119.921875,1139.0
34, 120.671875,1146.0
34, 121.609375,1159.0
33, 122.828125,1195.0
33, 123.75,1250.0
33, 124.265625,1321.0
35, 125.453125,1381.0
35, 126.421875,1370.0
35, 127.609375,1366.0
34, 128.546875,1378.0
32, 129.296875,3422.0
32, 130.6875,3561.0
33, 131.453125,3621.0
32, 132.375,3658.0
32, 132.875,3725.0
32, 134.53125,3808.0
32, 135.03125,3873.0
36, 136.21875,3918.0
35, 137.140625,3977.0
47, 138.375,4149.0
46, 139.296875,4230.0
44, 140.0625,4302.0
55, 140.984375,4384.0
39, 142.21875,4536.0
38, 143.140625,4631.0
37, 143.640625,4790.0
37, 144.75,4896.0
37, 145.71875,5070.0
23, 148.609375,5480.0
27, 150.0,5660.0
23, 150.765625,5777.0
26, 151.6875,5948.0
23, 152.1875,6152.0
28, 161.59375,4532.0
16, 163.03125,4554.0
53, 164.21875,4274.0
62, 165.1875,4253.0
62, 166.375,4235.0
63, 167.296875,4227.0
62, 168.0625,4216.0
61, 169.4375,4197.0
61, 170.203125,4188.0
61, 171.125,4180.0
60, 171.625,4174.0
61, 173.28125,4170.0
60, 173.765625,4160.0
60, 174.96875,4160.0
59, 175.890625,4159.0
31, 177.109375,4359.0
30, 178.046875,4388.0
12, 181.828125,4394.0
21, 195.3125,4657.0
35, 197.46875,4595.0
35, 198.21875,4386.0
35, 199.140625,4189.0
59, 200.359375,4104.0
59, 201.28125,4132.0
60, 201.78125,4151.0
59, 202.96875,4187.0
59, 203.9375,4232.0
58, 205.109375,4268.0
58, 206.03125,4305.0
57, 206.796875,4336.0
56, 208.1875,4390.0
9, 212.546875,10895.0
24, 217.546875,6090.0
15, 218.484375,5685.0
37, 219.703125,5823.0
37, 220.625,5731.0
37, 221.125,5739.0
37, 222.296875,5825.0
37, 223.25,5956.0
37, 224.4375,6058.0
36, 225.359375,6139.0
29, 226.125,1669.0
34, 227.5,1645.0
35, 228.265625,1635.0
32, 229.1875,1622.0
31, 229.6875,1625.0
33, 231.328125,1638.0
32, 231.828125,1653.0
32, 233.0,1675.0
28, 233.921875,1724.0
35, 235.125,7591.0
35, 236.046875,7525.0
36, 236.8125,7384.0
32, 351.5625,1135.0
34, 352.46875,1101.0
34, 352.9375,1103.0
34, 354.078125,1106.0
33, 355.015625,1087.0
33, 356.15625,1026.0
34, 357.046875,1001.0
34, 357.78125,1000.0
34, 359.109375,997.0
34, 359.84375,969.0
34, 0.671875,973.0
35, 1.15625,977.0
36, 2.734375,977.0
36, 3.21875,947.0
37, 4.359375,904.0
37, 5.25,822.0
37, 6.421875,764.0
37, 7.296875,680.0
39, 8.03125,625.0
59, 8.921875,592.0
20, 10.09375,107.0
20, 10.984375,113.0
20, 11.46875,132.0
20, 12.59375,113.0
21, 13.53125,108.0
20, 14.671875,113.0
20, 15.5625,118.0
19, 16.28125,116.0
20, 17.625,113.0
20, 18.34375,104.0
19, 19.234375,89.0
19, 19.71875,105.0
19, 21.1875,107.0
19, 21.671875,114.0
19, 22.796875,120.0
19, 23.6875,111.0
20, 24.84375,88.0
20, 25.734375,120.0
19, 26.46875,107.0
19, 27.34375,128.0
20, 28.515625,102.0
19, 29.40625,126.0
18, 29.875,118.0
18, 31.015625,129.0
18, 31.9375,109.0
19, 33.0625,124.0
17, 33.953125,114.0
17, 34.671875,123.0
17, 36.0,136.0
17, 36.53125,128.0
16, 37.390625,145.0
15, 37.890625,159.0
15, 39.4375,100.0
15, 39.90625,123.0
14, 41.015625,121.0
13, 41.890625,148.0
11, 43.046875,142.0
9, 43.921875,117.0
11, 44.640625,147.0
10, 45.515625,144.0
10, 46.671875,114.0
6, 47.546875,150.0
4, 48.015625,130.0
47, 49.140625,1617.0
49, 50.0625,1694.0
51, 51.171875,2004.0
54, 52.046875,2198.0
55, 52.765625,2172.0
60, 54.078125,2203.0
61, 54.796875,2346.0
63, 55.671875,3129.0
1, 56.140625,3095.0
3, 58.1875,3038.0
5, 59.296875,3012.0
6, 60.171875,2984.0
8, 61.328125,2953.0
8, 62.203125,2929.0
10, 62.921875,2908.0
10, 63.8125,2898.0
11, 64.96875,2876.0
13, 65.84375,2848.0
13, 66.328125,2833.0
13, 67.4375,2821.0
14, 68.359375,2794.0
13, 69.46875,2778.0
15, 70.34375,2771.0
13, 71.078125,2760.0
15, 72.53125,2737.0
13, 73.25,2731.0
14, 74.125,2713.0
13, 74.609375,2708.0
15, 76.171875,2696.0
15, 76.65625,2686.0
15, 77.765625,2681.0
16, 78.65625,2676.0
15, 79.8125,2666.0
15, 80.703125,2657.0
16, 81.421875,2653.0
15, 82.296875,2652.0
15, 83.46875,2648.0
15, 84.34375,2638.0
14, 84.8125,2638.0
14, 85.9375,2637.0
14, 86.859375,2638.0
14, 87.984375,2637.0
13, 88.875,2636.0
14, 89.59375,2637.0
13, 90.90625,2651.0
13, 91.640625,2646.0
14, 92.515625,2647.0
13, 92.984375,2652.0
12, 94.5625,2650.0
12, 95.03125,2650.0
11, 96.15625,2664.0
10, 97.046875,2673.0
11, 98.203125,2677.0
11, 99.09375,2682.0
10, 99.8125,2692.0
9, 100.6875,2701.0
9, 101.859375,2710.0
9, 102.734375,2729.0
62, 103.203125,1653.0
34, 104.328125,1128.0
34, 105.234375,1115.0
34, 106.359375,1105.0
34, 107.25,1122.0
33, 107.96875,1183.0
34, 109.109375,1220.0
34, 109.828125,1198.0
34, 110.703125,1190.0
34, 111.1875,1179.0
34, 112.734375,1165.0
34, 113.21875,1158.0
34, 114.328125,1140.0
34, 115.21875,1136.0
35, 116.359375,1140.0
34, 117.25,1135.0
34, 117.96875,1138.0
34, 118.84375,1140.0
34, 119.984375,1139.0
34, 120.875,1155.0
34, 121.34375,1179.0
34, 122.453125,1201.0
33, 123.359375,1244.0
33, 124.46875,1323.0
35, 125.34375,1383.0
35, 126.0625,1374.0
35, 127.375,1369.0
35, 128.09375,1383.0
52, 128.96875,1681.0
31, 129.4375,3492.0
33, 130.984375,3588.0
33, 131.453125,3627.0
32, 132.578125,3687.0
32, 133.453125,3739.0
32, 134.59375,3827.0
32, 135.46875,3879.0
35, 136.1875,3922.0
35, 137.0625,3983.0
47, 138.203125,4135.0
46, 139.078125,4203.0
45, 139.546875,4285.0
43, 140.671875,4365.0
40, 141.578125,4486.0
38, 142.6875,4572.0
38, 143.5625,4666.0
37, 144.171875,4830.0
37, 145.484375,4988.0
36, 146.1875,5107.0
24, 149.09375,5559.0
27, 149.5625,5658.0
23, 150.671875,5746.0
25, 151.546875,5933.0
22, 152.703125,6197.0
30, 161.75,4533.0
6, 163.765625,4476.0
60, 164.484375,4261.0
61, 165.359375,4253.0
62, 165.828125,4235.0
62, 167.375,4226.0
63, 167.84375,4208.0
61, 168.953125,4202.0
60, 169.828125,4197.0
61, 170.96875,4180.0
62, 171.84375,4175.0
61, 172.546875,4174.0
60, 173.421875,4170.0
60, 174.5625,4160.0
60, 175.4375,4160.0
37, 175.90625,4324.0
31, 177.03125,4369.0
27, 177.921875,4398.0
11, 181.875,4440.0
21, 195.234375,4625.0
36, 197.25,4619.0
35, 198.125,4431.0
35, 198.84375,4237.0
59, 200.140625,4091.0
60, 200.84375,4114.0
60, 201.71875,4147.0
59, 202.1875,4168.0
59, 203.734375,4214.0
58, 204.203125,4241.0
58, 205.3125,4278.0
56, 206.171875,4308.0
57, 207.328125,4359.0
56, 208.1875,4390.0
9, 212.296875,11020.0
33, 218.28125,5641.0
36, 219.859375,5805.0
37, 220.328125,5720.0
37, 221.875,5781.0
37, 222.328125,5850.0
37, 223.4375,5959.0
37, 224.3125,6042.0
36, 225.453125,6161.0
29, 226.3125,1661.0
33, 227.03125,1668.0
34, 227.890625,1639.0
32, 229.03125,1626.0
31, 229.90625,1614.0
31, 230.359375,1643.0
32, 231.46875,1638.0
31, 232.375,1660.0
32, 233.484375,1711.0
35, 234.34375,7672.0
35, 235.046875,7605.0
36, 236.359375,7510.0
36, 237.0625,7369.0
36, 237.9375,7300.0
36, 238.390625,7252.0
36, 239.9375,7165.0
36, 240.40625,7115.0
36, 241.515625,7060.0
36, 242.375,7019.0
37, 243.53125,6953.0
37, 244.390625,6900.0
36, 245.09375,6861.0
37, 245.953125,6832.0
37, 247.09375,6781.0
37, 247.96875,6751.0
37, 248.4375,6716.0
37, 249.546875,6672.0
36, 250.4375,6614.0
36, 251.546875,6591.0
37, 252.28125,6569.0
37, 252.984375,6542.0
37, 254.28125,6514.0
37, 254.984375,6497.0
37, 255.84375,6479.0
38, 256.3125,6458.0
38, 257.84375,6451.0
38, 258.3125,6433.0
39, 259.421875,6414.0
39, 260.28125,6405.0
39, 261.40625,6386.0
39, 262.28125,6377.0
39, 262.984375,6378.0
40, 263.84375,6360.0
39, 264.984375,6364.0
39, 265.84375,6350.0
39, 266.3125,6350.0
39, 267.421875,6350.0
40, 268.3125,6350.0
39, 269.421875,6356.0
39, 270.265625,6371.0
38, 270.984375,6361.0
38, 272.265625,6361.0
38, 272.984375,6362.0
38, 273.84375,6376.0
38, 274.3125,6382.0
38, 275.84375,6414.0
39, 276.3125,6414.0
39, 277.40625,6432.0
38, 278.28125,6441.0
38, 279.40625,6469.0
38, 280.265625,6494.0
38, 280.984375,6512.0
38, 281.84375,6540.0
37, 282.984375,6556.0
37, 283.84375,6579.0
37, 284.3125,6602.0
37, 285.40625,6623.0
37, 286.3125,6674.0
37, 287.40625,6703.0
37, 288.234375,6737.0
37, 288.9375,6776.0
37, 290.234375,6828.0
36, 290.9375,6863.0
37, 291.796875,6918.0
37, 292.265625,6953.0
36, 293.796875,7009.0
36, 294.265625,7070.0
35, 295.375,6991.0
35, 296.234375,6817.0
35, 297.375,6568.0
35, 298.234375,6403.0
35, 298.9375,6248.0
35, 299.8125,6094.0
35, 300.9375,5896.0
36, 301.796875,5776.0
36, 302.265625,5664.0
36, 303.375,5556.0
37, 304.265625,5403.0
37, 305.375,5292.0
37, 306.234375,5203.0
37, 306.9375,5117.0
39, 308.21875,5011.0
40, 308.9375,4930.0
41, 309.796875,4852.0
50, 310.265625,3834.0
49, 311.796875,3493.0
53, 312.25,3469.0
58, 313.359375,3487.0
43, 314.21875,3689.0
50, 315.359375,4398.0
50, 316.21875,4335.0
50, 316.921875,4275.0
45, 317.796875,4025.0
35, 318.921875,3147.0
34, 319.78125,3038.0
33, 320.25,3094.0
33, 321.359375,3014.0
33, 322.25,2708.0
36, 323.359375,2773.0
37, 324.203125,2818.0
45, 324.90625,2892.0
37, 326.203125,2912.0
56, 326.90625,3115.0
57, 327.765625,3088.0
55, 328.234375,3059.0
36, 329.78125,2939.0
33, 330.234375,2516.0
31, 331.34375,2423.0
31, 332.203125,2397.0
36, 333.34375,2425.0
38, 334.203125,2423.0
36, 334.921875,2357.0
35, 335.78125,2332.0
33, 336.921875,1929.0
34, 337.796875,1971.0
35, 338.25,2000.0
35, 339.359375,2028.0
33, 340.265625,2363.0
32, 341.375,2359.0
34, 342.234375,2468.0
35, 342.9375,2511.0
60, 344.234375,3243.0
42, 344.9375,2608.0
38, 345.796875,2714.0
1, 346.265625,3309.0
58, 347.8125,3290.0
10, 348.265625,1327.0
32, 349.375,1260.0
34, 350.234375,1181.0
32, 351.375,1139.0
33, 352.234375,1094.0
34, 352.9375,1103.0
34, 353.796875,1103.0
33, 354.9375,1107.0
33, 355.796875,1053.0
15, 78.5,2676.0
16, 79.34375,2676.0
15, 80.03125,2658.0
15, 81.265625,2653.0
15, 81.953125,2653.0
14, 82.796875,2652.0
15, 83.234375,2638.0
14, 84.71875,2638.0
15, 85.171875,2642.0
13, 86.234375,2637.0
14, 87.0625,2637.0
13, 88.171875,2637.0
13, 89.0,2637.0
13, 89.671875,2637.0
12, 90.515625,2636.0
14, 91.609375,2647.0
13, 92.4375,2646.0
13, 92.890625,2652.0
12, 93.953125,2650.0
12, 94.828125,2650.0
11, 95.890625,2664.0
12, 96.71875,2664.0
11, 97.40625,2677.0
11, 98.65625,2677.0
10, 99.34375,2682.0
10, 100.171875,2702.0
8, 100.625,2705.0
10, 102.109375,2711.0
9, 102.5625,2729.0
62, 103.625,1860.0
34, 104.453125,1144.0
34, 105.546875,1105.0
34, 106.375,1107.0
34, 107.0625,1104.0
33, 107.890625,1136.0
34, 108.90625,1215.0
34, 109.734375,1209.0
34, 110.171875,1186.0
34, 111.25,1183.0
34, 112.109375,1162.0
34, 113.171875,1160.0
35, 113.984375,1166.0
34, 114.6875,1140.0
34, 115.921875,1140.0
34, 116.609375,1140.0
35, 117.4375,1136.0
34, 117.875,1143.0
35, 119.359375,1146.0
33, 119.796875,1140.0
34, 120.859375,1159.0
34, 121.6875,1175.0
33, 122.78125,1217.0
32, 123.609375,1262.0
33, 124.28125,1356.0
35, 125.109375,1386.0
35, 126.21875,1368.0
35, 127.046875,1370.0
35, 127.484375,1383.0
51, 128.546875,1740.0
31, 129.40625,3496.0
31, 130.46875,3555.0
33, 131.296875,3596.0
33, 131.96875,3648.0
32, 133.21875,3731.0
32, 133.890625,3766.0
32, 134.71875,3832.0
32, 135.171875,3887.0
35, 136.640625,3954.0
37, 137.078125,4024.0
47, 138.140625,4136.0
46, 138.96875,4194.0
44, 140.0625,4302.0
57, 140.890625,4386.0
41, 141.5625,4464.0
39, 142.390625,4545.0
37, 143.484375,4676.0
37, 144.265625,4830.0
36, 144.703125,4927.0
36, 145.765625,5041.0
23, 148.515625,5448.0
24, 149.1875,5591.0
23, 150.4375,5718.0
23, 151.109375,5860.0
22, 151.953125,6021.0
22, 152.390625,6210.0
30, 161.625,4543.0
17, 163.140625,4553.0
60, 163.984375,4270.0
62, 165.046875,4253.0
62, 165.875,4244.0
63, 166.546875,4231.0
63, 167.78125,4217.0
62, 168.46875,4203.0
60, 169.296875,4201.0
60, 169.734375,4197.0
61, 171.203125,4179.0
61, 171.65625,4175.0
61, 172.703125,4170.0
61, 173.53125,4170.0
60, 174.625,4160.0
60, 175.453125,4160.0
37, 176.125,4322.0
31, 176.953125,4361.0
29, 178.046875,4378.0
22, 180.375,4408.0
28, 195.4375,4614.0
21, 196.71875,4643.0
35, 197.78125,4477.0
35, 198.640625,4228.0
36, 199.6875,4062.0
60, 200.515625,4110.0
60, 201.1875,4137.0
59, 202.421875,4169.0
59, 203.09375,4196.0
58, 203.921875,4223.0
58, 204.375,4250.0
58, 205.84375,4296.0
58, 206.28125,4332.0
58, 207.34375,4364.0
56, 208.171875,4390.0
7, 212.71875,10941.0
15, 217.796875,6101.0
37, 219.71875,5829.0
37, 220.390625,5743.0
37, 221.21875,5718.0
37, 221.671875,5798.0
37, 223.125,5914.0
37, 223.578125,5994.0
37, 224.625,6070.0
36, 225.453125,6161.0
30, 226.546875,1689.0
34, 227.359375,1660.0
35, 228.046875,1641.0
33, 228.875,1635.0
31, 229.953125,1630.0
31, 230.78125,1643.0
32, 231.21875,1645.0
32, 232.28125,1661.0
31, 233.140625,1706.0
35, 234.1875,7697.0
35, 235.015625,7605.0
35, 235.703125,7529.0
36, 236.9375,7382.0
36, 237.609375,7316.0
36, 238.421875,7272.0
36, 238.875,7211.0
36, 240.34375,7135.0
36, 240.78125,7087.0
36, 241.84375,7041.0
37, 242.671875,7004.0
37, 243.75,6925.0
36, 244.578125,6893.0
37, 245.25,6857.0
37, 246.078125,6829.0
37, 247.15625,6776.0
37, 247.984375,6739.0
37, 248.421875,6710.0
37, 249.484375,6672.0
36, 250.34375,6618.0
37, 251.390625,6596.0
37, 252.171875,6571.0
37, 252.84375,6552.0
37, 254.078125,6520.0
38, 254.75,6510.0
37, 255.5625,6482.0
38, 256.015625,6472.0
38, 257.484375,6449.0
38, 257.921875,6437.0
38, 258.96875,6430.0
39, 259.796875,6414.0
39, 260.875,6386.0
39, 261.703125,6391.0
39, 262.375,6377.0
40, 263.203125,6373.0
39, 264.296875,6364.0
39, 265.109375,6371.0
40, 265.546875,6350.0
39, 266.609375,6350.0
39, 267.46875,6350.0
39, 268.515625,6350.0
39, 269.34375,6354.0
39, 270.015625,6368.0
38, 271.25,6363.0
38, 271.921875,6356.0
38, 272.75,6366.0
38, 273.1875,6372.0
39, 274.65625,6391.0
38, 275.09375,6396.0
38, 276.140625,6416.0
38, 276.96875,6430.0
39, 278.0625,6448.0
38, 278.875,6468.0
38, 279.5625,6478.0
38, 280.375,6492.0
38, 281.46875,6513.0
38, 282.296875,6538.0
38, 282.734375,6558.0
38, 283.78125,6586.0
37, 284.640625,6609.0
37, 285.6875,6628.0
37, 286.515625,6658.0
37, 287.1875,6697.0
37, 288.46875,6744.0
36, 289.15625,6777.0
37, 289.984375,6816.0
36, 290.421875,6853.0
37, 291.890625,6918.0
37, 292.34375,6953.0
36, 293.390625,6994.0
36, 294.203125,7045.0
34, 295.296875,7002.0
35, 296.140625,6834.0
35, 296.8125,6668.0
35, 297.640625,6502.0
35, 298.71875,6273.0
35, 299.546875,6146.0
36, 300.0,6009.0
36, 301.046875,5884.0
36, 301.90625,5708.0
36, 302.96875,5599.0
37, 303.78125,5506.0
37, 304.453125,5412.0
36, 305.6875,5257.0
37, 306.375,5184.0
38, 307.203125,5100.0
39, 307.640625,5024.0
40, 309.109375,4916.0
41, 309.546875,4839.0
51, 310.609375,3755.0
49, 311.421875,3534.0
52, 312.515625,3468.0
58, 313.34375,3487.0
43, 314.015625,3689.0
50, 314.84375,4426.0
50, 315.921875,4353.0
51, 316.75,4299.0
47, 317.203125,4218.0
43, 318.25,3388.0
34, 319.109375,3034.0
33, 320.15625,3091.0
32, 320.984375,3050.0
33, 321.671875,2864.0
35, 322.90625,2732.0
36, 323.578125,2800.0
39, 324.484375,2867.0
47, 324.9375,2903.0
36, 326.40625,2919.0
56, 326.84375,3110.0
56, 327.90625,3088.0
55, 328.734375,3059.0
37, 329.8125,2889.0
33, 330.640625,2491.0
32, 331.328125,2430.0
32, 332.15625,2402.0
36, 333.25,2423.0
37, 334.078125,2434.0
36, 334.53125,2373.0
35, 335.59375,2323.0
32, 336.453125,1887.0
33, 337.5,1948.0
34, 338.34375,1988.0
35, 339.015625,2020.0
33, 340.25,2158.0
36, 340.9375,2192.0
34, 341.765625,2450.0
35, 342.21875,2498.0
34, 343.6875,2564.0
58, 344.140625,3299.0
35, 345.203125,2520.0
59, 346.03125,3251.0
2, 347.125,3306.0
39, 347.953125,3283.0
20, 348.625,1314.0
33, 349.453125,1218.0
34, 350.546875,1173.0
32, 351.375,1139.0
34, 351.8125,1100.0
34, 352.875,1099.0
33, 353.734375,1115.0
33, 354.78125,1109.0
33, 355.609375,1077.0
34, 356.296875,1016.0
34, 357.53125,1003.0
34, 358.21875,997.0
34, 359.046875,986.0
34, 359.484375,992.0
34, 1.0,980.0
35, 1.4375,1000.0
36, 2.5,976.0
36, 3.328125,928.0
37, 4.421875,869.0
38, 5.25,793.0
37, 5.921875,780.0
38, 6.75,691.0
39, 7.84375,672.0
39, 8.671875,643.0
21, 9.109375,142.0
21, 10.171875,122.0
20, 11.046875,117.0
21, 12.109375,116.0
20, 12.9375,97.0
20, 13.609375,104.0
20, 14.84375,104.0
20, 15.53125,101.0
19, 16.359375,95.0
20, 16.796875,117.0
19, 18.28125,112.0
19, 18.71875,118.0
19, 19.78125,89.0
18, 20.53125,100.0
19, 21.625,89.0
19, 22.453125,107.0
19, 23.125,113.0
19, 23.953125,102.0
19, 25.046875,126.0
20, 25.875,96.0
19, 26.3125,128.0
19, 27.359375,101.0
19, 28.234375,101.0
19, 29.28125,121.0
19, 30.09375,108.0
18, 30.78125,100.0
19, 32.015625,105.0
9, 103.171875,2729.0
49, 103.609375,1336.0
34, 104.65625,1105.0
34, 105.484375,1105.0
34, 106.5625,1103.0
33, 107.375,1105.0
33, 108.0625,1165.0
34, 108.875,1210.0
34, 109.953125,1179.0
35, 110.765625,1174.0
35, 111.21875,1166.0
34, 112.265625,1162.0
34, 113.109375,1155.0
34, 114.15625,1144.0
34, 114.984375,1135.0
34, 115.65625,1135.0
34, 116.875,1131.0
34, 117.546875,1132.0
34, 118.375,1138.0
34, 118.8125,1140.0
33, 120.265625,1153.0
33, 120.703125,1170.0
34, 121.75,1183.0
33, 122.5625,1213.0
32, 123.640625,1286.0
34, 124.453125,1382.0
35, 125.125,1368.0
35, 125.953125,1365.0
35, 127.03125,1366.0
41, 127.84375,1455.0
33, 128.28125,3402.0
32, 129.328125,3462.0
31, 130.171875,3555.0
33, 131.21875,3600.0
33, 132.03125,3652.0
32, 132.703125,3695.0
32, 133.9375,3769.0
32, 134.59375,3827.0
32, 135.40625,3882.0
35, 135.84375,3922.0
35, 137.296875,3997.0
47, 137.75,4131.0
46, 138.78125,4190.0
45, 139.609375,4257.0
45, 140.671875,4367.0
40, 141.484375,4445.0
39, 142.15625,4536.0
38, 142.96875,4624.0
37, 144.03125,4811.0
36, 144.84375,4904.0
36, 145.28125,5009.0
36, 146.328125,5123.0
12, 148.234375,5310.0
24, 149.046875,5547.0
27, 149.71875,5670.0
24, 150.9375,5806.0
26, 151.609375,5963.0
22, 152.4375,6137.0
24, 152.875,6331.0
16, 161.96875,4538.0
18, 163.46875,4529.0
62, 164.3125,4262.0
61, 165.359375,4253.0
62, 166.171875,4235.0
62, 166.84375,4226.0
62, 168.0625,4217.0
61, 168.734375,4203.0
61, 169.546875,4198.0
61, 169.984375,4198.0
61, 171.4375,4179.0
61, 171.875,4170.0
60, 172.921875,4169.0
60, 173.734375,4170.0
60, 174.8125,4160.0
59, 175.625,4164.0
31, 176.296875,4378.0
31, 177.109375,4364.0
24, 178.1875,4414.0
30, 195.421875,4607.0
23, 196.6875,4636.0
35, 197.734375,4477.0
35, 198.578125,4224.0
36, 199.625,4072.0
58, 200.4375,4109.0
59, 201.109375,4128.0
60, 202.328125,4169.0
59, 203.0,4196.0
58, 203.8125,4223.0
58, 204.25,4250.0
58, 205.703125,4295.0
58, 206.140625,4332.0
56, 207.1875,4363.0
56, 208.0,4390.0
3, 212.484375,11071.0
24, 217.59375,6080.0
29, 218.265625,5649.0
38, 219.484375,5864.0
37, 220.15625,5779.0
37, 220.984375,5705.0
37, 221.421875,5762.0
37, 222.875,5882.0
37, 223.3125,5960.0
37, 224.359375,6047.0
37, 225.171875,6136.0
29, 226.25,1683.0
33, 227.0625,1666.0
34, 227.734375,1642.0
34, 228.5625,1629.0
31, 229.640625,1616.0
32, 230.453125,1643.0
33, 230.890625,1631.0
32, 231.9375,1656.0
33, 232.78125,1685.0
25, 233.828125,1732.0
35, 234.640625,7636.0
35, 235.3125,7567.0
36, 236.53125,7416.0
36, 237.203125,7350.0
36, 238.015625,7295.0
36, 238.453125,7237.0
36, 239.90625,7158.0
36, 240.34375,7118.0
36, 241.390625,7068.0
37, 242.203125,7026.0
36, 243.28125,6948.0
36, 244.09375,6916.0
36, 244.765625,6864.0
37, 245.59375,6844.0
37, 246.65625,6794.0
37, 247.484375,6760.0
37, 247.921875,6737.0
37, 248.96875,6699.0
36, 249.8125,6638.0
37, 250.859375,6628.0
36, 251.65625,6583.0
37, 252.3125,6562.0
37, 253.53125,6525.0
37, 254.203125,6524.0
37, 255.015625,6503.0
37, 255.46875,6482.0
38, 256.90625,6462.0
38, 257.34375,6449.0
39, 258.390625,6437.0
38, 259.21875,6421.0
39, 260.28125,6405.0
38, 261.109375,6397.0
39, 261.765625,6399.0
39, 262.59375,6377.0
39, 263.65625,6364.0
39, 264.484375,6364.0
39, 264.921875,6359.0
39, 265.96875,6350.0
38, 266.8125,6354.0
39, 267.859375,6345.0
39, 268.65625,6350.0
39, 269.328125,6350.0
38, 270.5625,6366.0
39, 271.234375,6371.0
38, 272.046875,6363.0
37, 272.484375,6356.0
38, 273.9375,6384.0
38, 274.375,6397.0
38, 275.421875,6400.0
38, 276.234375,6416.0
38, 277.3125,6423.0
39, 278.125,6454.0
38, 278.796875,6469.0
38, 279.609375,6489.0
38, 280.6875,6510.0
38, 281.5,6523.0
38, 281.9375,6546.0
38, 282.984375,6569.0
38, 283.828125,6595.0
37, 284.875,6609.0
37, 285.6875,6637.0
37, 286.34375,6658.0
36, 287.578125,6704.0
37, 288.34375,6746.0
37, 289.15625,6799.0
37, 289.609375,6815.0
37, 291.0625,6867.0
36, 291.5,6914.0
36, 292.546875,6943.0
36, 293.359375,6975.0
36, 294.453125,7053.0
34, 295.265625,7029.0
35, 295.9375,6843.0
35, 296.765625,6680.0
35, 297.84375,6458.0
35, 298.671875,6305.0
35, 299.109375,6150.0
36, 300.15625,6035.0
36, 301.0,5843.0
36, 302.046875,5719.0
36, 302.875,5622.0
36, 303.53125,5516.0
37, 304.765625,5378.0
37, 305.4375,5283.0
37, 306.25,5193.0
38, 306.6875,5130.0
38, 308.15625,5020.0
40, 308.59375,4934.0
41, 309.640625,4866.0
48, 310.453125,3989.0
49, 311.53125,3525.0
48, 312.34375,3465.0
60, 313.015625,3479.0
45, 313.84375,3640.0
49, 314.90625,4416.0
50, 315.734375,4371.0
50, 316.171875,4307.0
49, 317.21875,4251.0
40, 318.0625,3304.0
34, 319.125,3067.0
33, 319.9375,3062.0
32, 320.59375,3077.0
34, 321.828125,2782.0
33, 322.5,2714.0
36, 323.328125,2777.0
37, 323.765625,2835.0
47, 325.3125,2903.0
40, 325.765625,2934.0
55, 326.8125,3114.0
56, 327.625,3106.0
54, 328.71875,3058.0
36, 329.53125,3044.0
37, 330.21875,2625.0
32, 331.03125,2450.0
32, 332.109375,2399.0
32, 332.9375,2369.0
37, 333.390625,2439.0
37, 334.4375,2407.0
35, 335.296875,2323.0
29, 336.34375,1868.0
33, 337.171875,1929.0
34, 337.84375,1973.0
35, 339.0625,2021.0
34, 339.75,2067.0
33, 340.578125,2352.0
32, 341.015625,2357.0
35, 342.484375,2481.0
36, 342.921875,2523.0
44, 343.96875,2840.0
44, 344.796875,2700.0
51, 345.875,2954.0
32, 348.203125,2648.0
32, 349.28125,1242.0
34, 350.109375,1171.0
33, 350.546875,1164.0
32, 351.59375,1114.0
34, 352.453125,1089.0
34, 353.5,1105.0
33, 354.328125,1108.0
33, 355.0,1087.0
33, 356.21875,1019.0
34, 356.890625,1001.0
34, 357.71875,1005.0
34, 358.171875,1005.0
34, 359.625,974.0
34, 0.140625,1002.0
34, 1.203125,969.0
36, 2.015625,1001.0
36, 3.09375,957.0
36, 3.921875,925.0
37, 4.59375,863.0
38, 5.40625,756.0
37, 6.5,775.0
38, 7.3125,670.0
39, 7.75,664.0
57, 8.8125,637.0
20, 9.671875,131.0
21, 10.71875,110.0
20, 11.546875,98.0
20, 12.21875,110.0
21, 13.453125,105.0
20, 14.125,116.0
20, 14.953125,114.0
20, 15.40625,100.0
20, 16.859375,95.0
19, 17.296875,102.0
19, 18.359375,122.0
19, 19.1875,107.0
19, 20.203125,119.0
19, 21.03125,113.0
19, 21.6875,99.0
19, 22.515625,120.0
19, 23.59375,106.0
19, 24.421875,125.0
19, 24.859375,94.0
19, 25.90625,119.0
19, 26.765625,107.0
19, 27.8125,117.0
19, 28.625,107.0
19, 29.296875,106.0
19, 30.53125,101.0
18, 31.1875,110.0
18, 32.015625,92.0
18, 32.46875,131.0
18, 33.921875,122.0
17, 34.359375,103.0
17, 35.40625,123.0
17, 36.0625,100.0
17, 37.140625,113.0
16, 37.953125,116.0
15, 38.609375,111.0
16, 39.421875,129.0
14, 40.5,161.0
14, 41.3125,149.0
14, 41.75,107.0
12, 42.78125,115.0
12, 43.625,124.0
11, 44.65625,156.0
11, 45.46875,121.0
10, 46.140625,125.0
8, 47.359375,74.0
45, 48.84375,1656.0
47, 49.28125,1717.0
50, 50.71875,2014.0
52, 51.171875,1962.0
54, 52.203125,2218.0
56, 53.015625,2148.0
58, 54.09375,2207.0
61, 54.90625,2231.0
63, 55.5625,3129.0
63, 56.375,3102.0
3, 58.265625,3038.0
31, 129.453125,3477.0
31, 130.265625,3528.0
33, 130.9375,3588.0
33, 132.15625,3659.0
32, 132.828125,3706.0
32, 133.640625,3753.0
32, 134.09375,3815.0
32, 135.53125,3898.0
35, 135.984375,3926.0
35, 137.03125,3982.0
47, 137.84375,4108.0
46, 138.921875,4208.0
44, 139.734375,4270.0
42, 140.40625,4351.0
41, 141.21875,4428.0
38, 142.296875,4557.0
38, 143.125,4634.0
37, 143.5625,4796.0
36, 144.640625,4882.0
36, 145.5,5036.0
24, 146.546875,5147.0
19, 147.375,5102.0
28, 148.046875,5103.0
23, 149.265625,5593.0
26, 149.9375,5644.0
23, 150.75,5792.0
25, 151.203125,5938.0
22, 152.671875,6187.0
22, 160.78125,4567.0
23, 161.828125,4520.0
6, 163.734375,4461.0
61, 164.5625,4266.0
61, 165.234375,4253.0
62, 166.453125,4230.0
62, 167.125,4226.0
62, 167.953125,4217.0
61, 168.390625,4202.0
61, 169.84375,4193.0
61, 170.28125,4184.0
61, 171.328125,4175.0
61, 172.15625,4170.0
61, 173.234375,4170.0
60, 174.046875,4165.0
60, 174.71875,4165.0
59, 175.53125,4164.0
31, 176.625,4373.0
32, 177.4375,4376.0
24, 177.875,4407.0
16, 194.75,5181.0
33, 195.203125,4602.0
35, 197.125,4578.0
35, 198.171875,4386.0
35, 198.984375,4216.0
36, 199.65625,4058.0
60, 200.890625,4115.0
60, 201.546875,4142.0
59, 202.375,4168.0
58, 202.8125,4195.0
59, 204.28125,4232.0
57, 204.71875,4272.0
58, 205.765625,4296.0
57, 206.578125,4332.0
56, 207.65625,4376.0
8, 212.359375,10950.0
27, 218.109375,5763.0
37, 219.609375,5848.0
37, 220.0625,5751.0
37, 221.515625,5751.0
37, 221.96875,5816.0
37, 223.015625,5901.0
37, 223.828125,5991.0
36, 224.90625,6104.0
36, 225.734375,5100.0
29, 226.40625,1686.0
34, 227.21875,1656.0
35, 228.296875,1633.0
32, 229.125,1620.0
31, 229.5625,1620.0
31, 230.609375,1643.0
31, 231.46875,1653.0
32, 232.515625,1660.0
32, 233.34375,1700.0
35, 234.015625,5629.0
35, 235.234375,7582.0
35, 235.921875,7527.0
35, 236.734375,7390.0
36, 237.171875,7332.0
36, 238.625,7254.0
36, 239.078125,7194.0
36, 240.125,7139.0
36, 240.9375,7103.0
36, 242.015625,7029.0
36, 242.84375,6988.0
36, 243.515625,6937.0
36, 244.34375,6897.0
37, 245.421875,6843.0
37, 246.234375,6822.0
37, 246.6875,6774.0
37, 247.734375,6738.0
37, 248.578125,6703.0
37, 249.625,6664.0
37, 250.453125,6641.0
37, 251.109375,6601.0
37, 252.328125,6566.0
36, 253.0,6535.0
37, 253.828125,6527.0
37, 254.265625,6504.0
37, 255.71875,6480.0
37, 256.171875,6465.0
38, 257.21875,6455.0
38, 258.03125,6441.0
38, 259.109375,6428.0
38, 259.921875,6416.0
39, 260.609375,6405.0
39, 261.421875,6399.0
38, 262.5,6375.0
39, 263.328125,6364.0
39, 263.765625,6364.0
39, 264.8125,6371.0
39, 265.65625,6350.0
38, 266.703125,6345.0
39, 267.53125,6350.0
39, 268.203125,6350.0
38, 269.421875,6354.0
39, 270.09375,6371.0
38, 270.921875,6363.0
39, 271.359375,6364.0
37, 272.8125,6360.0
38, 273.265625,6375.0
38, 274.3125,6392.0
38, 275.125,6396.0
38, 276.203125,6420.0
38, 277.03125,6423.0
38, 277.6875,6434.0
38, 278.515625,6462.0
38, 279.59375,6485.0
38, 280.40625,6493.0
38, 280.859375,6514.0
38, 281.90625,6540.0
38, 282.75,6560.0
37, 283.796875,6568.0
37, 284.625,6596.0
37, 285.296875,6630.0
37, 286.515625,6664.0
36, 287.1875,6686.0
37, 288.109375,6739.0
37, 288.546875,6764.0
37, 290.015625,6816.0
37, 290.453125,6852.0
37, 291.5,6891.0
36, 292.328125,6915.0
37, 293.40625,7001.0
37, 294.234375,7047.0
36, 294.90625,7073.0
34, 295.71875,6914.0
35, 296.8125,6646.0
35, 297.640625,6500.0
35, 298.078125,6348.0
35, 299.125,6205.0
36, 299.984375,6007.0
36, 301.03125,5884.0
36, 301.859375,5769.0
36, 302.53125,5664.0
36, 303.765625,5499.0
37, 304.4375,5404.0
37, 305.25,5316.0
37, 305.6875,5214.0
37, 307.15625,5108.0
38, 307.59375,5047.0
40, 308.640625,4961.0
41, 309.46875,4880.0
50, 310.5625,3746.0
50, 311.375,3530.0
48, 312.046875,3478.0
60, 312.859375,3479.0
43, 313.953125,3694.0
50, 314.78125,4425.0
49, 315.21875,4380.0
50, 316.265625,4326.0
47, 317.125,4205.0
44, 318.171875,3394.0
34, 319.0,3115.0
34, 319.671875,3030.0
32, 320.90625,3050.0
33, 321.578125,2897.0
32, 322.40625,2705.0
36, 322.84375,2768.0
39, 324.390625,2867.0
46, 324.828125,2903.0
44, 325.890625,2928.0
46, 326.703125,3052.0
56, 327.796875,3087.0
55, 328.609375,3059.0
36, 329.28125,3051.0
38, 330.109375,2691.0
32, 331.203125,2430.0
32, 332.03125,2392.0
32, 332.46875,2356.0
37, 333.53125,2435.0
36, 334.390625,2386.0
35, 335.453125,2331.0
29, 336.265625,1887.0
33, 336.9375,1926.0
34, 338.1875,1982.0
35, 338.859375,2021.0
34, 339.6875,2052.0
33, 340.125,2357.0
34, 341.59375,2464.0
35, 342.046875,2483.0
36, 343.109375,2524.0
42, 343.921875,2777.0
38, 345.015625,2579.0
42, 345.84375,2861.0
1, 346.515625,3305.0
1, 347.34375,3295.0
11, 348.421875,1288.0
32, 349.25,1252.0
34, 349.703125,1166.0
33, 350.75,1175.0
33, 351.609375,1107.0
34, 352.671875,1089.0
34, 353.484375,1101.0
33, 354.15625,1108.0
33, 355.390625,1090.0
33, 356.0625,1019.0
34, 356.890625,1004.0
34, 357.328125,1006.0
34, 358.796875,984.0
34, 359.25,980.0
34, 0.46875,1007.0
34, 1.296875,969.0
36, 2.375,1007.0
36, 3.203125,953.0
36, 3.890625,925.0
37, 4.71875,843.0
38, 5.796875,772.0
38, 6.625,697.0
37, 7.078125,686.0
39, 8.125,643.0
24, 8.984375,243.0
20, 10.046875,100.0
20, 10.875,122.0
20, 11.5625,113.0
20, 12.796875,95.0
20, 13.46875,104.0
20, 14.3125,103.0
20, 14.75,91.0
19, 16.21875,97.0
20, 16.65625,113.0
19, 17.71875,107.0
20, 18.546875,113.0
19, 19.640625,101.0
19, 20.375,107.0
19, 21.046875,125.0
19, 21.875,116.0
19, 22.96875,89.0
19, 23.78125,107.0
20, 24.234375,104.0
19, 25.28125,113.0
19, 26.140625,120.0
19, 27.1875,101.0
18, 28.015625,130.0
19, 28.6875,119.0
19, 29.921875,106.0
19, 30.59375,118.0
18, 31.421875,91.0
18, 31.875,116.0
17, 33.328125,113.0
18, 33.78125,111.0
18, 34.828125,136.0
17, 35.65625,119.0
16, 36.609375,113.0
16, 37.421875,109.0
15, 38.09375,106.0
14, 38.921875,112.0
15, 40.0,118.0
14, 40.8125,113.0
14, 41.265625,122.0
13, 42.296875,145.0
13, 43.15625,180.0
11, 44.1875,146.0
11, 45.0,125.0
10, 45.6875,90.0
8, 46.90625,125.0
6, 47.578125,157.0
5, 48.390625,147.0
47, 48.84375,1617.0
48, 50.296875,1656.0
51, 50.734375,1986.0
53, 51.78125,1915.0
54, 52.609375,2217.0
57, 53.6875,2220.0
60, 54.5,2130.0
61, 55.171875,2350.0
63, 55.984375,3116.0
1, 57.0625,3077.0
2, 57.890625,3059.0
4, 58.328125,3033.0
5, 59.375,3011.0
6, 60.234375,2969.0
8, 61.28125,2953.0
8, 62.09375,2929.0
10, 62.765625,2908.0
10, 64.0,2888.0
11, 64.671875,2871.0
12, 65.484375,2854.0
12, 65.9375,2844.0
13, 67.390625,2816.0
13, 67.84375,2806.0
12, 68.890625,2791.0
14, 69.703125,2779.0
14, 70.78125,2760.0
14, 71.609375,2742.0
14, 72.453125,2737.0
13, 73.28125,2723.0
14, 74.375,2713.0
15, 75.203125,2709.0
14, 75.640625,2695.0
23, 148.65625,5488.0
24, 149.484375,5647.0
23, 150.15625,5648.0
23, 151.390625,5918.0
23, 152.0625,6064.0
22, 152.890625,6230.0
30, 161.6875,4525.0
17, 162.953125,4516.0
35, 164.015625,4247.0
61, 164.875,4253.0
62, 165.921875,4244.0
62, 166.734375,4230.0
62, 167.40625,4222.0
62, 168.640625,4203.0
61, 169.3125,4198.0
61, 170.140625,4193.0
61, 170.59375,4184.0
60, 172.046875,4174.0
60, 172.484375,4169.0
60, 173.53125,4165.0
61, 174.359375,4165.0
59, 175.453125,4164.0
33, 176.265625,4373.0
31, 176.9375,4361.0
32, 177.765625,4373.0
15, 180.15625,4425.0
17, 181.21875,4426.0
25, 197.046875,4644.0
35, 197.484375,4475.0
35, 198.546875,4296.0
37, 199.40625,4062.0
59, 200.453125,4109.0
59, 201.265625,4137.0
59, 201.9375,4155.0
58, 203.171875,4200.0
59, 203.84375,4223.0
58, 204.671875,4250.0
58, 205.109375,4282.0
57, 206.578125,4332.0
57, 207.015625,4359.0
55, 208.078125,4394.0
7, 212.34375,11045.0
15, 217.734375,6023.0
23, 219.234375,5860.0
37, 220.46875,5748.0
37, 221.140625,5721.0
37, 221.96875,5793.0
37, 222.40625,5875.0
37, 223.875,5988.0
36, 224.3125,6077.0
36, 225.375,6153.0
28, 226.1875,1672.0
34, 227.28125,1650.0
34, 228.109375,1629.0
33, 228.78125,1624.0
32, 229.59375,1613.0
31, 230.6875,1643.0
32, 231.515625,1645.0
32, 231.953125,1656.0
32, 233.0,1681.0
35, 233.859375,7697.0
35, 234.90625,7609.0
36, 235.734375,7546.0
35, 236.40625,7417.0
36, 237.640625,7316.0
36, 238.3125,7272.0
36, 239.140625,7206.0
37, 239.578125,7169.0
36, 241.046875,7092.0
36, 241.484375,7042.0
36, 242.53125,6998.0
36, 243.359375,6951.0
37, 244.4375,6895.0
37, 245.265625,6866.0
37, 245.9375,6829.0
37, 246.765625,6796.0
37, 247.84375,6743.0
37, 248.671875,6716.0
37, 249.125,6678.0
37, 250.171875,6655.0
36, 251.015625,6597.0
36, 252.0625,6567.0
37, 252.875,6546.0
37, 253.546875,6531.0
37, 254.78125,6492.0
37, 255.46875,6472.0
38, 256.28125,6472.0
38, 256.71875,6461.0
38, 258.1875,6441.0
38, 258.625,6428.0
39, 259.6875,6423.0
38, 260.5,6409.0
39, 261.578125,6391.0
39, 262.40625,6377.0
39, 263.078125,6378.0
39, 263.90625,6364.0
39, 264.984375,6359.0
39, 265.8125,6350.0
38, 266.25,6352.0
39, 267.296875,6350.0
39, 268.15625,6350.0
39, 269.203125,6350.0
39, 270.03125,6356.0
38, 270.703125,6359.0
38, 271.9375,6358.0
38, 272.609375,6373.0
38, 273.4375,6379.0
38, 273.875,6384.0
38, 275.328125,6398.0
38, 275.78125,6420.0
38, 276.828125,6428.0
38, 277.65625,6437.0
38, 278.734375,6451.0
37, 279.5625,6465.0
38, 280.234375,6500.0
38, 281.046875,6499.0
38, 282.140625,6544.0
38, 282.953125,6560.0
38, 283.40625,6586.0
37, 284.453125,6602.0
37, 285.3125,6637.0
37, 286.359375,6666.0
37, 287.1875,6685.0
37, 287.859375,6725.0
37, 289.1875,6781.0
37, 289.875,6819.0
37, 290.703125,6843.0
36, 291.140625,6882.0
36, 292.609375,6947.0
36, 293.046875,6990.0
37, 294.09375,7035.0
37, 294.9375,7091.0
35, 296.015625,6846.0
35, 296.859375,6675.0
35, 297.53125,6515.0
35, 298.359375,6357.0
35, 299.4375,6148.0
35, 300.265625,6021.0
35, 300.71875,5891.0
36, 301.765625,5777.0
36, 302.625,5600.0
36, 303.671875,5502.0
37, 304.5,5401.0
37, 305.1875,5316.0
37, 306.40625,5186.0
38, 307.09375,5110.0
39, 307.921875,5043.0
39, 308.359375,4961.0
41, 309.828125,4839.0
51, 310.265625,3738.0
50, 311.3125,3535.0
47, 312.15625,3478.0
57, 313.234375,3486.0
43, 314.046875,3689.0
49, 314.734375,4425.0
49, 315.5625,4380.0
50, 316.640625,4299.0
47, 317.46875,4204.0
44, 317.90625,3394.0
34, 318.96875,3107.0
33, 319.828125,3087.0
33, 320.875,3051.0
33, 321.703125,2878.0
32, 322.390625,2709.0
36, 323.625,2797.0
39, 324.390625,2867.0
46, 325.21875,2903.0
43, 325.671875,2928.0
56, 327.140625,3115.0
56, 327.59375,3083.0
55, 328.640625,3059.0
36, 329.46875,3047.0
33, 330.5625,2494.0
31, 331.390625,2423.0
32, 332.078125,2411.0
31, 332.90625,2360.0
37, 334.0,2407.0
37, 334.828125,2380.0
34, 335.28125,2330.0
29, 336.34375,1865.0
33, 337.203125,1959.0
34, 338.265625,1996.0
35, 339.09375,2021.0
34, 339.765625,2057.0
36, 341.015625,2191.0
34, 341.6875,2460.0
35, 342.515625,2491.0
36, 342.96875,2528.0
58, 344.453125,3286.0
35, 344.890625,2524.0
58, 345.953125,3246.0
40, 347.875,3284.0
21, 348.703125,1306.0
33, 349.375,1220.0
34, 350.203125,1171.0
32, 351.296875,1131.0
33, 352.125,1092.0
34, 352.578125,1100.0
34, 353.625,1105.0
33, 354.484375,1107.0
33, 355.546875,1071.0
34, 356.375,1009.0
34, 357.046875,1009.0
34, 358.296875,997.0
34, 358.96875,1001.0
34, 359.796875,998.0
34, 0.3125,969.0
35, 1.78125,981.0
36, 2.234375,983.0
36, 3.28125,973.0
36, 4.109375,903.0
37, 5.203125,859.0
38, 6.03125,781.0
37, 6.703125,728.0
38, 7.53125,675.0
39, 8.625,610.0
21, 9.46875,160.0
20, 9.90625,113.0
20, 10.96875,106.0
21, 11.828125,114.0
20, 12.90625,96.0
20, 13.734375,123.0
21, 14.40625,116.0
20, 15.65625,118.0
19, 16.328125,95.0
20, 17.15625,97.0
19, 17.609375,116.0
19, 19.078125,125.0
19, 19.53125,110.0
19, 20.515625,107.0
19, 21.34375,105.0
19, 22.4375,116.0
19, 23.265625,105.0
20, 23.9375,109.0
19, 24.765625,104.0
19, 25.84375,128.0
19, 26.671875,128.0
19, 27.125,108.0
20, 28.171875,109.0
19, 29.03125,126.0
18, 30.078125,112.0
19, 30.921875,111.0
18, 31.59375,125.0
18, 32.828125,111.0
18, 33.5,113.0
18, 34.328125,111.0
17, 34.78125,128.0
16, 36.09375,113.0
17, 36.53125,113.0
16, 37.578125,145.0
15, 38.390625,97.0
16, 39.46875,135.0
14, 40.28125,152.0
13, 40.953125,176.0
14, 41.765625,145.0
13, 42.84375,164.0
12, 43.671875,114.0
12, 44.109375,134.0
11, 45.15625,125.0
8, 46.015625,101.0
6, 47.046875,104.0
6, 47.859375,136.0
44, 48.53125,1649.0
48, 49.765625,1718.0
49, 50.4375,1758.0
51, 51.265625,1979.0
53, 51.703125,2215.0
56, 53.15625,2070.0
58, 53.609375,2178.0
59, 54.640625,2128.0
61, 55.46875,3128.0
1, 56.546875,3095.0
2, 58.03125,3050.0
4, 58.859375,3024.0
5, 59.9375,2988.0
6, 60.75,2960.0
9, 61.203125,2943.0
8, 62.25,2929.0
10, 63.109375,2898.0
10, 64.15625,2880.0
10, 64.96875,2870.0
12, 65.640625,2848.0
13, 66.875,2825.0
13, 67.546875,2816.0
13, 68.359375,2796.0
13, 68.8125,2789.0
14, 70.265625,2764.0
13, 70.71875,2760.0
14, 71.765625,2741.0
37, 143.90625,4793.0
36, 144.75,4892.0
37, 145.421875,5000.0
36, 146.25,5103.0
24, 148.171875,5119.0
23, 148.609375,5537.0
27, 149.65625,5663.0
24, 150.515625,5787.0
27, 151.578125,5956.0
23, 152.390625,6114.0
23, 153.078125,6317.0
16, 162.015625,4566.0
18, 163.515625,4522.0
62, 164.59375,4257.0
61, 165.421875,4253.0
61, 165.859375,4239.0
62, 166.90625,4226.0
61, 167.765625,4212.0
61, 168.8125,4202.0
60, 169.640625,4197.0
61, 170.3125,4193.0
61, 171.53125,4175.0
61, 172.203125,4170.0
60, 173.03125,4169.0
60, 173.46875,4169.0
59, 174.9375,4164.0
59, 175.375,4164.0
31, 176.4375,4380.0
32, 177.25,4362.0
16, 178.34375,4435.0
9, 181.78125,4406.0
11, 194.578125,5189.0
29, 195.671875,4601.0
36, 197.171875,4633.0
35, 197.984375,4422.0
35, 199.078125,4196.0
57, 199.890625,4089.0
59, 200.328125,4114.0
59, 201.390625,4141.0
59, 202.234375,4173.0
58, 203.28125,4200.0
57, 204.109375,4227.0
58, 204.78125,4254.0
57, 206.015625,4304.0
57, 206.6875,4336.0
56, 207.5,4372.0
36, 207.953125,4370.0
37, 219.515625,5814.0
37, 220.5625,5734.0
37, 221.375,5744.0
36, 222.046875,5803.0
37, 223.28125,5926.0
37, 223.953125,6014.0
36, 224.78125,6092.0
37, 225.21875,6176.0
30, 226.6875,1686.0
34, 227.125,1653.0
35, 228.171875,1637.0
32, 229.0,1619.0
32, 230.078125,1636.0
32, 230.90625,1635.0
31, 231.578125,1641.0
32, 232.390625,1658.0
31, 233.484375,1716.0
35, 234.3125,7664.0
35, 234.75,7595.0
35, 235.796875,7547.0
36, 236.65625,7369.0
36, 237.703125,7312.0
36, 238.53125,7268.0
36, 239.203125,7211.0
36, 240.4375,7128.0
36, 241.109375,7080.0
36, 241.921875,7046.0
36, 242.375,6994.0
36, 243.828125,6917.0
36, 244.28125,6882.0
37, 245.328125,6843.0
37, 246.140625,6823.0
37, 247.234375,6762.0
37, 248.046875,6731.0
37, 248.71875,6716.0
38, 249.546875,6679.0
37, 250.625,6615.0
36, 251.453125,6588.0
36, 251.890625,6570.0
37, 252.9375,6552.0
37, 253.796875,6511.0
37, 254.84375,6505.0
37, 255.65625,6479.0
37, 256.328125,6457.0
37, 257.5625,6442.0
38, 258.234375,6437.0
38, 259.0625,6428.0
38, 259.5,6407.0
38, 260.96875,6390.0
38, 261.40625,6397.0
39, 262.453125,6377.0
39, 263.265625,6364.0
39, 264.359375,6364.0
38, 265.171875,6366.0
39, 265.84375,6350.0
38, 266.671875,6352.0
40, 267.75,6351.0
39, 268.5625,6350.0
39, 269.015625,6350.0
39, 270.0625,6359.0
38, 270.921875,6361.0
38, 271.96875,6361.0
38, 272.78125,6371.0
38, 273.453125,6380.0
38, 274.6875,6394.0
38, 275.359375,6400.0
38, 276.171875,6415.0
38, 276.625,6426.0
38, 278.078125,6441.0
38, 278.515625,6451.0
38, 279.578125,6489.0
38, 280.390625,6498.0
38, 281.46875,6514.0
38, 282.296875,6542.0
38, 282.96875,6570.0
38, 283.78125,6588.0
36, 284.875,6598.0
37, 285.6875,6640.0
37, 286.140625,6659.0
37, 287.1875,6693.0
37, 288.140625,6748.0
37, 289.1875,6788.0
37, 290.015625,6817.0
37, 290.6875,6858.0
37, 291.921875,6916.0
37, 292.59375,6953.0
36, 293.421875,6994.0
36, 293.875,7036.0
34, 295.328125,7002.0
34, 295.78125,6832.0
35, 296.84375,6661.0
35, 297.65625,6513.0
35, 298.75,6268.0
35, 299.578125,6138.0
35, 300.25,6003.0
36, 301.0625,5890.0
36, 302.15625,5712.0
36, 302.96875,5605.0
36, 303.421875,5504.0
36, 304.46875,5397.0
36, 305.328125,5257.0
37, 306.375,5177.0
38, 307.203125,5098.0
39, 307.875,5029.0
40, 309.109375,4920.0
40, 309.78125,4838.0
51, 310.609375,3728.0
50, 311.046875,3535.0
52, 312.515625,3473.0
57, 312.953125,3486.0
43, 314.0,3689.0
49, 314.84375,4434.0
50, 315.921875,4353.0
50, 316.734375,4299.0
46, 317.421875,4213.0
43, 318.25,3370.0
34, 319.328125,2997.0
33, 320.15625,3090.0
32, 320.59375,3061.0
33, 321.65625,2870.0
35, 322.515625,2743.0
36, 323.578125,2797.0
38, 324.515625,2872.0
46, 325.203125,2903.0
36, 326.4375,2925.0
56, 327.109375,3110.0
55, 327.9375,3087.0
54, 328.390625,3058.0
37, 329.859375,2883.0
33, 330.296875,2494.0
31, 331.359375,2401.0
32, 332.1875,2407.0
35, 333.28125,2423.0
36, 334.109375,2425.0
36, 334.796875,2372.0
36, 335.625,2357.0
32, 336.703125,1903.0
33, 337.53125,1958.0
34, 337.984375,1999.0
35, 339.046875,2017.0
33, 339.90625,2171.0
36, 340.96875,2189.0
34, 341.796875,2458.0
35, 342.46875,2493.0
34, 343.71875,2580.0
57, 344.390625,3258.0
34, 345.21875,2530.0
61, 345.671875,3265.0
1, 347.140625,3305.0
37, 347.59375,3264.0
21, 348.640625,1303.0
33, 349.46875,1213.0
33, 350.5625,1170.0
32, 351.390625,1134.0
33, 352.0625,1094.0
34, 352.890625,1101.0
34, 353.984375,1119.0
33, 354.796875,1111.0
33, 355.25,1071.0
34, 356.296875,1009.0
34, 357.171875,1002.0
34, 358.234375,998.0
34, 359.0625,985.0
33, 359.734375,991.0
34, 1.0625,994.0
35, 1.734375,966.0
35, 2.5625,956.0
36, 3.015625,959.0
36, 4.484375,905.0
37, 4.9375,848.0
38, 5.984375,760.0
37, 6.8125,713.0
39, 7.90625,653.0
41, 8.734375,630.0
20, 9.40625,140.0
20, 10.234375,93.0
20, 11.328125,120.0
20, 12.15625,107.0
21, 12.609375,119.0
20, 13.65625,107.0
20, 14.53125,114.0
19, 15.59375,101.0
20, 16.421875,133.0
19, 17.09375,113.0
18, 18.34375,143.0
19, 19.015625,106.0
19, 19.84375,125.0
19, 20.25,126.0
19, 21.71875,97.0
19, 22.171875,101.0
19, 23.21875,125.0
19, 24.046875,116.0
19, 25.125,114.0
19, 25.96875,134.0
19, 26.640625,120.0
19, 27.46875,99.0
19, 28.546875,101.0
19, 29.390625,117.0
19, 29.84375,81.0
18, 30.890625,119.0
18, 31.75,129.0
18, 32.796875,118.0
17, 33.625,95.0
18, 34.296875,108.0
17, 35.546875,103.0
16, 36.0625,104.0
16, 36.875,157.0
16, 37.328125,125.0
16, 38.765625,95.0
14, 39.21875,131.0
15, 40.25,111.0
14, 41.078125,155.0
13, 42.15625,109.0
13, 42.96875,171.0
12, 43.640625,149.0
12, 44.453125,127.0
10, 45.53125,59.0
